source_label,economic_class,suggested_transformation,approved_transformation,unit,source_file,source_vendor,source_field,availability_timestamp_or_timezone,availability_lag_trading_days,missing_value_rule,sentinel_value_rule,observed_start,observed_end,observations,missing_fraction,nonpositive_observations,pilot_eligible,pilot_exclusion_reason,confirmatory_eligible,exclusion_reason,reviewed_by,reviewed_on,pilot_applied_lag_asset_sessions
1-3 Year EU,bond_or_credit_total_return_index,LOG_DIFFERENCE,LOG_DIFFERENCE,index level,Drivers_Assets_Dataset.xlsx,USER_SUPPLIED_EXPORT_VENDOR_NOT_DOCUMENTED,1-3 Year EU,Contemporaneous daily close alignment; exact timestamp not supplied (pilot only),1,No fill; adjacent valid source observations required,No numeric sentinel declared.,2001-01-01,2023-06-30,5868,0.00034071550255536625,0,True,,False,Pilot only: vendor field and observation timestamp are not supplied.,Rule-based audit,2026-09-03,0
3-5 Years EU,bond_or_credit_total_return_index,LOG_DIFFERENCE,LOG_DIFFERENCE,index level,Drivers_Assets_Dataset.xlsx,USER_SUPPLIED_EXPORT_VENDOR_NOT_DOCUMENTED,3-5 Years EU,Contemporaneous daily close alignment; exact timestamp not supplied (pilot only),1,No fill; adjacent valid source observations required,No numeric sentinel declared.,2001-01-01,2023-06-30,5868,0.00034071550255536625,0,True,,False,Pilot only: vendor field and observation timestamp are not supplied.,Rule-based audit,2026-09-03,0
7-10 Years EU,bond_or_credit_total_return_index,LOG_DIFFERENCE,LOG_DIFFERENCE,index level,Drivers_Assets_Dataset.xlsx,USER_SUPPLIED_EXPORT_VENDOR_NOT_DOCUMENTED,7-10 Years EU,Contemporaneous daily close alignment; exact timestamp not supplied (pilot only),1,No fill; adjacent valid source observations required,No numeric sentinel declared.,2001-01-01,2023-06-30,5868,0.00034071550255536625,0,True,,False,Pilot only: vendor field and observation timestamp are not supplied.,Rule-based audit,2026-09-03,0
AUD-CAD X-RATE,foreign_exchange,LOG_DIFFERENCE,LOG_DIFFERENCE,exchange-rate level,Drivers_Assets_Dataset.xlsx,USER_SUPPLIED_EXPORT_VENDOR_NOT_DOCUMENTED,AUD-CAD X-RATE,Contemporaneous daily close alignment; exact timestamp not supplied (pilot only),1,No fill; adjacent valid source observations required,No numeric sentinel declared.,2001-01-01,2023-06-30,5814,0.009540034071550256,0,True,,False,Pilot only: vendor field and observation timestamp are not supplied.,Rule-based audit,2026-09-03,0
AUD-JPY X-RATE,foreign_exchange,LOG_DIFFERENCE,LOG_DIFFERENCE,exchange-rate level,Drivers_Assets_Dataset.xlsx,USER_SUPPLIED_EXPORT_VENDOR_NOT_DOCUMENTED,AUD-JPY X-RATE,Contemporaneous daily close alignment; exact timestamp not supplied (pilot only),1,No fill; adjacent valid source observations required,No numeric sentinel declared.,2001-01-01,2023-06-30,5814,0.009540034071550256,0,True,,False,Pilot only: vendor field and observation timestamp are not supplied.,Rule-based audit,2026-09-03,0
AUD-NZD X-RATE,foreign_exchange,LOG_DIFFERENCE,LOG_DIFFERENCE,exchange-rate level,Drivers_Assets_Dataset.xlsx,USER_SUPPLIED_EXPORT_VENDOR_NOT_DOCUMENTED,AUD-NZD X-RATE,Contemporaneous daily close alignment; exact timestamp not supplied (pilot only),1,No fill; adjacent valid source observations required,No numeric sentinel declared.,2001-01-01,2023-06-30,5814,0.009540034071550256,0,True,,False,Pilot only: vendor field and observation timestamp are not supplied.,Rule-based audit,2026-09-03,0
Argentine Peso Spot,foreign_exchange,LOG_DIFFERENCE,LOG_DIFFERENCE,exchange-rate level,Drivers_Assets_Dataset.xlsx,USER_SUPPLIED_EXPORT_VENDOR_NOT_DOCUMENTED,Argentine Peso Spot,Contemporaneous daily close alignment; exact timestamp not supplied (pilot only),1,No fill; adjacent valid source observations required,No numeric sentinel declared.,2001-01-01,2023-06-30,5814,0.009540034071550256,0,True,,False,Pilot only: vendor field and observation timestamp are not supplied.,Rule-based audit,2026-09-03,0
Australian Dollar Spot,foreign_exchange,LOG_DIFFERENCE,LOG_DIFFERENCE,exchange-rate level,Drivers_Assets_Dataset.xlsx,USER_SUPPLIED_EXPORT_VENDOR_NOT_DOCUMENTED,Australian Dollar Spot,Contemporaneous daily close alignment; exact timestamp not supplied (pilot only),1,No fill; adjacent valid source observations required,No numeric sentinel declared.,2001-01-01,2023-06-30,5814,0.009540034071550256,0,True,,False,Pilot only: vendor field and observation timestamp are not supplied.,Rule-based audit,2026-09-03,0
BBG Commodity,commodity,LOG_DIFFERENCE,LOG_DIFFERENCE,price or index level,Drivers_Assets_Dataset.xlsx,USER_SUPPLIED_EXPORT_VENDOR_NOT_DOCUMENTED,BBG Commodity,Contemporaneous daily close alignment; exact timestamp not supplied (pilot only),1,No fill; adjacent valid source observations required,No numeric sentinel declared.,2001-01-01,2023-06-30,5868,0.00034071550255536625,0,True,,False,Pilot only: vendor field and observation timestamp are not supplied.,Rule-based audit,2026-09-03,0
BBG Euro Ser-E Gov 1-3 Yr,bond_or_credit_total_return_index,LOG_DIFFERENCE,LOG_DIFFERENCE,index level,Drivers_Assets_Dataset.xlsx,USER_SUPPLIED_EXPORT_VENDOR_NOT_DOCUMENTED,BBG Euro Ser-E Gov 1-3 Yr,Contemporaneous daily close alignment; exact timestamp not supplied (pilot only),1,No fill; adjacent valid source observations required,No numeric sentinel declared.,2001-01-01,2023-06-30,5868,0.00034071550255536625,0,True,,False,Pilot only: vendor field and observation timestamp are not supplied.,Rule-based audit,2026-09-03,0
BEIG1T,bond_or_credit_total_return_index,LOG_DIFFERENCE,LOG_DIFFERENCE,index level,Drivers_Assets_Dataset.xlsx,USER_SUPPLIED_EXPORT_VENDOR_NOT_DOCUMENTED,BEIG1T,Contemporaneous daily close alignment; exact timestamp not supplied (pilot only),1,No fill; adjacent valid source observations required,No numeric sentinel declared.,2001-01-01,2023-06-30,5868,0.00034071550255536625,0,True,,False,Pilot only: vendor field and observation timestamp are not supplied.,Rule-based audit,2026-09-03,0
BONOS Y OBLIG DEL ESTADO,sovereign_yield,DIFFERENCE,DIFFERENCE,percentage points,Drivers_Assets_Dataset.xlsx,USER_SUPPLIED_EXPORT_VENDOR_NOT_DOCUMENTED,BONOS Y OBLIG DEL ESTADO,Contemporaneous daily close alignment; exact timestamp not supplied (pilot only),1,No fill; adjacent valid source observations required,No numeric sentinel declared.,2001-01-01,2023-06-30,5814,0.009540034071550256,0,True,,False,Pilot only: vendor field and observation timestamp are not supplied.,Rule-based audit,2026-09-03,0
BRAZIL IBOVESPA INDEX,equity_index,LOG_DIFFERENCE,LOG_DIFFERENCE,index level,Drivers_Assets_Dataset.xlsx,USER_SUPPLIED_EXPORT_VENDOR_NOT_DOCUMENTED,BRAZIL IBOVESPA INDEX,Contemporaneous daily close alignment; exact timestamp not supplied (pilot only),1,No fill; adjacent valid source observations required,No numeric sentinel declared.,2001-01-01,2023-06-30,5814,0.009540034071550256,0,True,,False,Pilot only: vendor field and observation timestamp are not supplied.,Rule-based audit,2026-09-03,0
BUONI POLIENNALI DEL TES,sovereign_yield,DIFFERENCE,DIFFERENCE,percentage points,Drivers_Assets_Dataset.xlsx,USER_SUPPLIED_EXPORT_VENDOR_NOT_DOCUMENTED,BUONI POLIENNALI DEL TES,Contemporaneous daily close alignment; exact timestamp not supplied (pilot only),1,No fill; adjacent valid source observations required,No numeric sentinel declared.,2001-01-01,2023-06-30,5814,0.009540034071550256,0,True,,False,Pilot only: vendor field and observation timestamp are not supplied.,Rule-based audit,2026-09-03,0
Brazilian Real Spot,bond_or_credit_total_return_index,LOG_DIFFERENCE,LOG_DIFFERENCE,index level,Drivers_Assets_Dataset.xlsx,USER_SUPPLIED_EXPORT_VENDOR_NOT_DOCUMENTED,Brazilian Real Spot,Contemporaneous daily close alignment; exact timestamp not supplied (pilot only),1,No fill; adjacent valid source observations required,No numeric sentinel declared.,2001-01-01,2023-06-30,5814,0.009540034071550256,0,True,,False,Pilot only: vendor field and observation timestamp are not supplied.,Rule-based audit,2026-09-03,0
British Pound Spot,foreign_exchange,LOG_DIFFERENCE,LOG_DIFFERENCE,exchange-rate level,Drivers_Assets_Dataset.xlsx,USER_SUPPLIED_EXPORT_VENDOR_NOT_DOCUMENTED,British Pound Spot,Contemporaneous daily close alignment; exact timestamp not supplied (pilot only),1,No fill; adjacent valid source observations required,No numeric sentinel declared.,2001-01-01,2023-06-30,5814,0.009540034071550256,0,True,,False,Pilot only: vendor field and observation timestamp are not supplied.,Rule-based audit,2026-09-03,0
CAC 40 INDEX,equity_index,LOG_DIFFERENCE,LOG_DIFFERENCE,index level,Drivers_Assets_Dataset.xlsx,USER_SUPPLIED_EXPORT_VENDOR_NOT_DOCUMENTED,CAC 40 INDEX,Contemporaneous daily close alignment; exact timestamp not supplied (pilot only),1,No fill; adjacent valid source observations required,No numeric sentinel declared.,2001-01-01,2023-06-30,5814,0.009540034071550256,0,True,,False,Pilot only: vendor field and observation timestamp are not supplied.,Rule-based audit,2026-09-03,0
CAD-CHF X-RATE,foreign_exchange,LOG_DIFFERENCE,LOG_DIFFERENCE,exchange-rate level,Drivers_Assets_Dataset.xlsx,USER_SUPPLIED_EXPORT_VENDOR_NOT_DOCUMENTED,CAD-CHF X-RATE,Contemporaneous daily close alignment; exact timestamp not supplied (pilot only),1,No fill; adjacent valid source observations required,No numeric sentinel declared.,2001-01-01,2023-06-30,5814,0.009540034071550256,0,True,,False,Pilot only: vendor field and observation timestamp are not supplied.,Rule-based audit,2026-09-03,0
CAD-JPY X-RATE,foreign_exchange,LOG_DIFFERENCE,LOG_DIFFERENCE,exchange-rate level,Drivers_Assets_Dataset.xlsx,USER_SUPPLIED_EXPORT_VENDOR_NOT_DOCUMENTED,CAD-JPY X-RATE,Contemporaneous daily close alignment; exact timestamp not supplied (pilot only),1,No fill; adjacent valid source observations required,No numeric sentinel declared.,2001-01-01,2023-06-30,5814,0.009540034071550256,0,True,,False,Pilot only: vendor field and observation timestamp are not supplied.,Rule-based audit,2026-09-03,0
CHF-JPY X-RATE,foreign_exchange,LOG_DIFFERENCE,LOG_DIFFERENCE,exchange-rate level,Drivers_Assets_Dataset.xlsx,USER_SUPPLIED_EXPORT_VENDOR_NOT_DOCUMENTED,CHF-JPY X-RATE,Contemporaneous daily close alignment; exact timestamp not supplied (pilot only),1,No fill; adjacent valid source observations required,No numeric sentinel declared.,2001-01-01,2023-06-30,5814,0.009540034071550256,0,True,,False,Pilot only: vendor field and observation timestamp are not supplied.,Rule-based audit,2026-09-03,0
CSI 300 INDEX,equity_index,LOG_DIFFERENCE,LOG_DIFFERENCE,index level,Drivers_Assets_Dataset.xlsx,USER_SUPPLIED_EXPORT_VENDOR_NOT_DOCUMENTED,CSI 300 INDEX,Contemporaneous daily close alignment; exact timestamp not supplied (pilot only),1,No fill; adjacent valid source observations required,Exact -1 is a missing-value sentinel; no fill.,2001-01-01,2023-06-30,5814,0.009540034071550256,264,True,,False,Pilot only: vendor field and observation timestamp are not supplied.,Rule-based audit,2026-09-03,0
Canadian Dollar Spot,foreign_exchange,LOG_DIFFERENCE,LOG_DIFFERENCE,exchange-rate level,Drivers_Assets_Dataset.xlsx,USER_SUPPLIED_EXPORT_VENDOR_NOT_DOCUMENTED,Canadian Dollar Spot,Contemporaneous daily close alignment; exact timestamp not supplied (pilot only),1,No fill; adjacent valid source observations required,No numeric sentinel declared.,2001-01-01,2023-06-30,5814,0.009540034071550256,0,True,,False,Pilot only: vendor field and observation timestamp are not supplied.,Rule-based audit,2026-09-03,0
Cboe Volatility Index,volatility_index,LOG_DIFFERENCE,LOG_DIFFERENCE,index level,Drivers_Assets_Dataset.xlsx,USER_SUPPLIED_EXPORT_VENDOR_NOT_DOCUMENTED,Cboe Volatility Index,Contemporaneous daily close alignment; exact timestamp not supplied (pilot only),1,No fill; adjacent valid source observations required,No numeric sentinel declared.,2001-01-01,2023-06-30,5814,0.009540034071550256,0,True,,False,Pilot only: vendor field and observation timestamp are not supplied.,Rule-based audit,2026-09-03,0
Corporate,bond_or_credit_total_return_index,LOG_DIFFERENCE,LOG_DIFFERENCE,index level,Drivers_Assets_Dataset.xlsx,USER_SUPPLIED_EXPORT_VENDOR_NOT_DOCUMENTED,Corporate,Contemporaneous daily close alignment; exact timestamp not supplied (pilot only),1,No fill; adjacent valid source observations required,No numeric sentinel declared.,2001-01-01,2023-06-30,5814,0.009540034071550256,0,True,,False,Pilot only: vendor field and observation timestamp are not supplied.,Rule-based audit,2026-09-03,0
Credit,bond_or_credit_total_return_index,LOG_DIFFERENCE,LOG_DIFFERENCE,index level,Drivers_Assets_Dataset.xlsx,USER_SUPPLIED_EXPORT_VENDOR_NOT_DOCUMENTED,Credit,Contemporaneous daily close alignment; exact timestamp not supplied (pilot only),1,No fill; adjacent valid source observations required,No numeric sentinel declared.,2001-01-01,2023-06-30,5869,0.00017035775127768313,0,True,,False,Pilot only: vendor field and observation timestamp are not supplied.,Rule-based audit,2026-09-03,0
DAX INDEX,equity_index,LOG_DIFFERENCE,LOG_DIFFERENCE,index level,Drivers_Assets_Dataset.xlsx,USER_SUPPLIED_EXPORT_VENDOR_NOT_DOCUMENTED,DAX INDEX,Contemporaneous daily close alignment; exact timestamp not supplied (pilot only),1,No fill; adjacent valid source observations required,No numeric sentinel declared.,2001-01-01,2023-06-30,5814,0.009540034071550256,0,True,,False,Pilot only: vendor field and observation timestamp are not supplied.,Rule-based audit,2026-09-03,0
DB Euro Overnight Rate,bond_or_credit_total_return_index,LOG_DIFFERENCE,LOG_DIFFERENCE,index level,Drivers_Assets_Dataset.xlsx,USER_SUPPLIED_EXPORT_VENDOR_NOT_DOCUMENTED,DB Euro Overnight Rate,Contemporaneous daily close alignment; exact timestamp not supplied (pilot only),1,No fill; adjacent valid source observations required,No numeric sentinel declared.,2001-01-01,2023-06-30,5869,0.00017035775127768313,0,True,,False,Pilot only: vendor field and observation timestamp are not supplied.,Rule-based audit,2026-09-03,0
DOLLAR INDEX SPOT,equity_index,LOG_DIFFERENCE,LOG_DIFFERENCE,index level,Drivers_Assets_Dataset.xlsx,USER_SUPPLIED_EXPORT_VENDOR_NOT_DOCUMENTED,DOLLAR INDEX SPOT,Contemporaneous daily close alignment; exact timestamp not supplied (pilot only),1,No fill; adjacent valid source observations required,No numeric sentinel declared.,2001-01-01,2023-06-30,5814,0.009540034071550256,0,True,,False,Pilot only: vendor field and observation timestamp are not supplied.,Rule-based audit,2026-09-03,0
EM USD Aggregate,bond_or_credit_total_return_index,LOG_DIFFERENCE,LOG_DIFFERENCE,index level,Drivers_Assets_Dataset.xlsx,USER_SUPPLIED_EXPORT_VENDOR_NOT_DOCUMENTED,EM USD Aggregate,Contemporaneous daily close alignment; exact timestamp not supplied (pilot only),1,No fill; adjacent valid source observations required,No numeric sentinel declared.,2001-01-01,2023-06-30,5814,0.009540034071550256,0,True,,False,Pilot only: vendor field and observation timestamp are not supplied.,Rule-based audit,2026-09-03,0
EUR SWAP ANN (VS 6M) 10Y,swap_rate,DIFFERENCE,DIFFERENCE,percentage points,Drivers_Assets_Dataset.xlsx,USER_SUPPLIED_EXPORT_VENDOR_NOT_DOCUMENTED,EUR SWAP ANN (VS 6M) 10Y,Contemporaneous daily close alignment; exact timestamp not supplied (pilot only),1,No fill; adjacent valid source observations required,No numeric sentinel declared.,2001-01-01,2023-06-30,5814,0.009540034071550256,362,True,,False,Pilot only: vendor field and observation timestamp are not supplied.,Rule-based audit,2026-09-03,0
EUR SWAP ANN (VS 6M) 1Y,swap_rate,DIFFERENCE,DIFFERENCE,percentage points,Drivers_Assets_Dataset.xlsx,USER_SUPPLIED_EXPORT_VENDOR_NOT_DOCUMENTED,EUR SWAP ANN (VS 6M) 1Y,Contemporaneous daily close alignment; exact timestamp not supplied (pilot only),1,No fill; adjacent valid source observations required,No numeric sentinel declared.,2001-01-01,2023-06-30,5814,0.009540034071550256,1684,True,,False,Pilot only: vendor field and observation timestamp are not supplied.,Rule-based audit,2026-09-03,0
EUR SWAP ANN (VS 6M) 2Y,swap_rate,DIFFERENCE,DIFFERENCE,percentage points,Drivers_Assets_Dataset.xlsx,USER_SUPPLIED_EXPORT_VENDOR_NOT_DOCUMENTED,EUR SWAP ANN (VS 6M) 2Y,Contemporaneous daily close alignment; exact timestamp not supplied (pilot only),1,No fill; adjacent valid source observations required,No numeric sentinel declared.,2001-01-01,2023-06-30,5814,0.009540034071550256,1639,True,,False,Pilot only: vendor field and observation timestamp are not supplied.,Rule-based audit,2026-09-03,0
EUR SWAP ANN (VS 6M) 30Y,swap_rate,DIFFERENCE,DIFFERENCE,percentage points,Drivers_Assets_Dataset.xlsx,USER_SUPPLIED_EXPORT_VENDOR_NOT_DOCUMENTED,EUR SWAP ANN (VS 6M) 30Y,Contemporaneous daily close alignment; exact timestamp not supplied (pilot only),1,No fill; adjacent valid source observations required,No numeric sentinel declared.,2001-01-01,2023-06-30,5814,0.009540034071550256,98,True,,False,Pilot only: vendor field and observation timestamp are not supplied.,Rule-based audit,2026-09-03,0
EUR SWAP ANN (VS 6M) 5Y,swap_rate,DIFFERENCE,DIFFERENCE,percentage points,Drivers_Assets_Dataset.xlsx,USER_SUPPLIED_EXPORT_VENDOR_NOT_DOCUMENTED,EUR SWAP ANN (VS 6M) 5Y,Contemporaneous daily close alignment; exact timestamp not supplied (pilot only),1,No fill; adjacent valid source observations required,No numeric sentinel declared.,2001-01-01,2023-06-30,5814,0.009540034071550256,801,True,,False,Pilot only: vendor field and observation timestamp are not supplied.,Rule-based audit,2026-09-03,0
EUR-AUD X-RATE,foreign_exchange,LOG_DIFFERENCE,LOG_DIFFERENCE,exchange-rate level,Drivers_Assets_Dataset.xlsx,USER_SUPPLIED_EXPORT_VENDOR_NOT_DOCUMENTED,EUR-AUD X-RATE,Contemporaneous daily close alignment; exact timestamp not supplied (pilot only),1,No fill; adjacent valid source observations required,No numeric sentinel declared.,2001-01-01,2023-06-30,5814,0.009540034071550256,0,True,,False,Pilot only: vendor field and observation timestamp are not supplied.,Rule-based audit,2026-09-03,0
EUR-CAD X-RATE,foreign_exchange,LOG_DIFFERENCE,LOG_DIFFERENCE,exchange-rate level,Drivers_Assets_Dataset.xlsx,USER_SUPPLIED_EXPORT_VENDOR_NOT_DOCUMENTED,EUR-CAD X-RATE,Contemporaneous daily close alignment; exact timestamp not supplied (pilot only),1,No fill; adjacent valid source observations required,No numeric sentinel declared.,2001-01-01,2023-06-30,5814,0.009540034071550256,0,True,,False,Pilot only: vendor field and observation timestamp are not supplied.,Rule-based audit,2026-09-03,0
EUR-CHF X-RATE,foreign_exchange,LOG_DIFFERENCE,LOG_DIFFERENCE,exchange-rate level,Drivers_Assets_Dataset.xlsx,USER_SUPPLIED_EXPORT_VENDOR_NOT_DOCUMENTED,EUR-CHF X-RATE,Contemporaneous daily close alignment; exact timestamp not supplied (pilot only),1,No fill; adjacent valid source observations required,No numeric sentinel declared.,2001-01-01,2023-06-30,5814,0.009540034071550256,0,True,,False,Pilot only: vendor field and observation timestamp are not supplied.,Rule-based audit,2026-09-03,0
EUR-CNY X-RATE,foreign_exchange,LOG_DIFFERENCE,LOG_DIFFERENCE,exchange-rate level,Drivers_Assets_Dataset.xlsx,USER_SUPPLIED_EXPORT_VENDOR_NOT_DOCUMENTED,EUR-CNY X-RATE,Contemporaneous daily close alignment; exact timestamp not supplied (pilot only),1,No fill; adjacent valid source observations required,No numeric sentinel declared.,2001-01-01,2023-06-30,5868,0.00034071550255536625,0,True,,False,Pilot only: vendor field and observation timestamp are not supplied.,Rule-based audit,2026-09-03,0
EUR-CZK X-RATE,foreign_exchange,LOG_DIFFERENCE,LOG_DIFFERENCE,exchange-rate level,Drivers_Assets_Dataset.xlsx,USER_SUPPLIED_EXPORT_VENDOR_NOT_DOCUMENTED,EUR-CZK X-RATE,Contemporaneous daily close alignment; exact timestamp not supplied (pilot only),1,No fill; adjacent valid source observations required,No numeric sentinel declared.,2001-01-01,2023-06-30,5814,0.009540034071550256,0,True,,False,Pilot only: vendor field and observation timestamp are not supplied.,Rule-based audit,2026-09-03,0
EUR-GBP X-RATE,foreign_exchange,LOG_DIFFERENCE,LOG_DIFFERENCE,exchange-rate level,Drivers_Assets_Dataset.xlsx,USER_SUPPLIED_EXPORT_VENDOR_NOT_DOCUMENTED,EUR-GBP X-RATE,Contemporaneous daily close alignment; exact timestamp not supplied (pilot only),1,No fill; adjacent valid source observations required,No numeric sentinel declared.,2001-01-01,2023-06-30,5814,0.009540034071550256,0,True,,False,Pilot only: vendor field and observation timestamp are not supplied.,Rule-based audit,2026-09-03,0
EUR-JPY X-RATE,foreign_exchange,LOG_DIFFERENCE,LOG_DIFFERENCE,exchange-rate level,Drivers_Assets_Dataset.xlsx,USER_SUPPLIED_EXPORT_VENDOR_NOT_DOCUMENTED,EUR-JPY X-RATE,Contemporaneous daily close alignment; exact timestamp not supplied (pilot only),1,No fill; adjacent valid source observations required,No numeric sentinel declared.,2001-01-01,2023-06-30,5814,0.009540034071550256,0,True,,False,Pilot only: vendor field and observation timestamp are not supplied.,Rule-based audit,2026-09-03,0
EUR-NOK X-RATE,foreign_exchange,LOG_DIFFERENCE,LOG_DIFFERENCE,exchange-rate level,Drivers_Assets_Dataset.xlsx,USER_SUPPLIED_EXPORT_VENDOR_NOT_DOCUMENTED,EUR-NOK X-RATE,Contemporaneous daily close alignment; exact timestamp not supplied (pilot only),1,No fill; adjacent valid source observations required,No numeric sentinel declared.,2001-01-01,2023-06-30,5814,0.009540034071550256,0,True,,False,Pilot only: vendor field and observation timestamp are not supplied.,Rule-based audit,2026-09-03,0
EUR-PLN X-RATE,foreign_exchange,LOG_DIFFERENCE,LOG_DIFFERENCE,exchange-rate level,Drivers_Assets_Dataset.xlsx,USER_SUPPLIED_EXPORT_VENDOR_NOT_DOCUMENTED,EUR-PLN X-RATE,Contemporaneous daily close alignment; exact timestamp not supplied (pilot only),1,No fill; adjacent valid source observations required,No numeric sentinel declared.,2001-01-01,2023-06-30,5814,0.009540034071550256,0,True,,False,Pilot only: vendor field and observation timestamp are not supplied.,Rule-based audit,2026-09-03,0
EUR-SEK X-RATE,foreign_exchange,LOG_DIFFERENCE,LOG_DIFFERENCE,exchange-rate level,Drivers_Assets_Dataset.xlsx,USER_SUPPLIED_EXPORT_VENDOR_NOT_DOCUMENTED,EUR-SEK X-RATE,Contemporaneous daily close alignment; exact timestamp not supplied (pilot only),1,No fill; adjacent valid source observations required,No numeric sentinel declared.,2001-01-01,2023-06-30,5814,0.009540034071550256,0,True,,False,Pilot only: vendor field and observation timestamp are not supplied.,Rule-based audit,2026-09-03,0
Eonia Capitalization Index 7 D,discontinued_or_truncated_market_series,EXCLUDE,EXCLUDE,source level,Drivers_Assets_Dataset.xlsx,USER_SUPPLIED_EXPORT_VENDOR_NOT_DOCUMENTED,Eonia Capitalization Index 7 D,Contemporaneous daily close alignment; exact timestamp not supplied (pilot only),1,No fill; adjacent valid source observations required,Exact -1 is a missing-value sentinel; no fill.,2001-01-01,2023-06-30,5868,0.00034071550255536625,145,False,Series becomes a persistent -1 sentinel after December 2022.,False,Series becomes a persistent -1 sentinel after December 2022.,Rule-based audit,2026-09-03,0
Euro Spot,foreign_exchange,LOG_DIFFERENCE,LOG_DIFFERENCE,exchange-rate level,Drivers_Assets_Dataset.xlsx,USER_SUPPLIED_EXPORT_VENDOR_NOT_DOCUMENTED,Euro Spot,Contemporaneous daily close alignment; exact timestamp not supplied (pilot only),1,No fill; adjacent valid source observations required,No numeric sentinel declared.,2001-01-01,2023-06-30,5814,0.009540034071550256,0,True,,False,Pilot only: vendor field and observation timestamp are not supplied.,Rule-based audit,2026-09-03,0
Euro-Aggregate,bond_or_credit_total_return_index,LOG_DIFFERENCE,LOG_DIFFERENCE,index level,Drivers_Assets_Dataset.xlsx,USER_SUPPLIED_EXPORT_VENDOR_NOT_DOCUMENTED,Euro-Aggregate,Contemporaneous daily close alignment; exact timestamp not supplied (pilot only),1,No fill; adjacent valid source observations required,No numeric sentinel declared.,2001-01-01,2023-06-30,5816,0.009199318568994889,0,True,,False,Pilot only: vendor field and observation timestamp are not supplied.,Rule-based audit,2026-09-03,0
FRANCE (GOVT OF),sovereign_yield,DIFFERENCE,DIFFERENCE,percentage points,Drivers_Assets_Dataset.xlsx,USER_SUPPLIED_EXPORT_VENDOR_NOT_DOCUMENTED,FRANCE (GOVT OF),Contemporaneous daily close alignment; exact timestamp not supplied (pilot only),1,No fill; adjacent valid source observations required,No numeric sentinel declared.,2001-01-01,2023-06-30,5814,0.009540034071550256,267,True,,False,Pilot only: vendor field and observation timestamp are not supplied.,Rule-based audit,2026-09-03,0
FTSE 100 INDEX,equity_index,LOG_DIFFERENCE,LOG_DIFFERENCE,index level,Drivers_Assets_Dataset.xlsx,USER_SUPPLIED_EXPORT_VENDOR_NOT_DOCUMENTED,FTSE 100 INDEX,Contemporaneous daily close alignment; exact timestamp not supplied (pilot only),1,No fill; adjacent valid source observations required,No numeric sentinel declared.,2001-01-01,2023-06-30,5814,0.009540034071550256,0,True,,False,Pilot only: vendor field and observation timestamp are not supplied.,Rule-based audit,2026-09-03,0
FTSE MIB INDEX,equity_index,LOG_DIFFERENCE,LOG_DIFFERENCE,index level,Drivers_Assets_Dataset.xlsx,USER_SUPPLIED_EXPORT_VENDOR_NOT_DOCUMENTED,FTSE MIB INDEX,Contemporaneous daily close alignment; exact timestamp not supplied (pilot only),1,No fill; adjacent valid source observations required,No numeric sentinel declared.,2001-01-01,2023-06-30,5814,0.009540034071550256,0,True,,False,Pilot only: vendor field and observation timestamp are not supplied.,Rule-based audit,2026-09-03,0
GBP-AUD X-RATE,foreign_exchange,LOG_DIFFERENCE,LOG_DIFFERENCE,exchange-rate level,Drivers_Assets_Dataset.xlsx,USER_SUPPLIED_EXPORT_VENDOR_NOT_DOCUMENTED,GBP-AUD X-RATE,Contemporaneous daily close alignment; exact timestamp not supplied (pilot only),1,No fill; adjacent valid source observations required,No numeric sentinel declared.,2001-01-01,2023-06-30,5814,0.009540034071550256,0,True,,False,Pilot only: vendor field and observation timestamp are not supplied.,Rule-based audit,2026-09-03,0
GBP-CAD X-RATE,foreign_exchange,LOG_DIFFERENCE,LOG_DIFFERENCE,exchange-rate level,Drivers_Assets_Dataset.xlsx,USER_SUPPLIED_EXPORT_VENDOR_NOT_DOCUMENTED,GBP-CAD X-RATE,Contemporaneous daily close alignment; exact timestamp not supplied (pilot only),1,No fill; adjacent valid source observations required,No numeric sentinel declared.,2001-01-01,2023-06-30,5814,0.009540034071550256,0,True,,False,Pilot only: vendor field and observation timestamp are not supplied.,Rule-based audit,2026-09-03,0
GERMANY GOVT BND 10 YR DBR,sovereign_yield,DIFFERENCE,DIFFERENCE,percentage points,Drivers_Assets_Dataset.xlsx,USER_SUPPLIED_EXPORT_VENDOR_NOT_DOCUMENTED,GERMANY GOVT BND 10 YR DBR,Contemporaneous daily close alignment; exact timestamp not supplied (pilot only),1,No fill; adjacent valid source observations required,No numeric sentinel declared.,2001-01-01,2023-06-30,5814,0.009540034071550256,799,True,,False,Pilot only: vendor field and observation timestamp are not supplied.,Rule-based audit,2026-09-03,0
GERMANY GOVT BND 2 YR BKO,sovereign_yield,DIFFERENCE,DIFFERENCE,percentage points,Drivers_Assets_Dataset.xlsx,USER_SUPPLIED_EXPORT_VENDOR_NOT_DOCUMENTED,GERMANY GOVT BND 2 YR BKO,Contemporaneous daily close alignment; exact timestamp not supplied (pilot only),1,No fill; adjacent valid source observations required,No numeric sentinel declared.,2001-01-01,2023-06-30,5814,0.009540034071550256,2081,True,,False,Pilot only: vendor field and observation timestamp are not supplied.,Rule-based audit,2026-09-03,0
GERMANY GOVT BND 5 YR OBL,sovereign_yield,DIFFERENCE,DIFFERENCE,percentage points,Drivers_Assets_Dataset.xlsx,USER_SUPPLIED_EXPORT_VENDOR_NOT_DOCUMENTED,GERMANY GOVT BND 5 YR OBL,Contemporaneous daily close alignment; exact timestamp not supplied (pilot only),1,No fill; adjacent valid source observations required,No numeric sentinel declared.,2001-01-01,2023-06-30,5814,0.009540034071550256,1720,True,,False,Pilot only: vendor field and observation timestamp are not supplied.,Rule-based audit,2026-09-03,0
Generic 1st 'C ' Future,generic_future,EXCLUDE,EXCLUDE,contract quotation,Drivers_Assets_Dataset.xlsx,USER_SUPPLIED_EXPORT_VENDOR_NOT_DOCUMENTED,Generic 1st 'C ' Future,Contemporaneous daily close alignment; exact timestamp not supplied (pilot only),1,No fill; adjacent valid source observations required,No numeric sentinel declared.,2001-01-01,2023-06-30,5814,0.009540034071550256,0,False,Continuous-contract roll construction is undocumented.,False,Continuous-contract roll construction is undocumented.,Rule-based audit,2026-09-03,0
Generic 1st 'CF' Future,generic_future,EXCLUDE,EXCLUDE,contract quotation,Drivers_Assets_Dataset.xlsx,USER_SUPPLIED_EXPORT_VENDOR_NOT_DOCUMENTED,Generic 1st 'CF' Future,Contemporaneous daily close alignment; exact timestamp not supplied (pilot only),1,No fill; adjacent valid source observations required,No numeric sentinel declared.,2001-01-01,2023-06-30,5814,0.009540034071550256,0,False,Continuous-contract roll construction is undocumented.,False,Continuous-contract roll construction is undocumented.,Rule-based audit,2026-09-03,0
Generic 1st 'CO' Future,generic_future,EXCLUDE,EXCLUDE,contract quotation,Drivers_Assets_Dataset.xlsx,USER_SUPPLIED_EXPORT_VENDOR_NOT_DOCUMENTED,Generic 1st 'CO' Future,Contemporaneous daily close alignment; exact timestamp not supplied (pilot only),1,No fill; adjacent valid source observations required,No numeric sentinel declared.,2001-01-01,2023-06-30,5814,0.009540034071550256,0,False,Continuous-contract roll construction is undocumented.,False,Continuous-contract roll construction is undocumented.,Rule-based audit,2026-09-03,0
Generic 1st 'CT' Future,generic_future,EXCLUDE,EXCLUDE,contract quotation,Drivers_Assets_Dataset.xlsx,USER_SUPPLIED_EXPORT_VENDOR_NOT_DOCUMENTED,Generic 1st 'CT' Future,Contemporaneous daily close alignment; exact timestamp not supplied (pilot only),1,No fill; adjacent valid source observations required,No numeric sentinel declared.,2001-01-01,2023-06-30,5814,0.009540034071550256,310,False,Continuous-contract roll construction is undocumented.,False,Continuous-contract roll construction is undocumented.,Rule-based audit,2026-09-03,0
Generic 1st 'FN' Future,generic_future,EXCLUDE,EXCLUDE,contract quotation,Drivers_Assets_Dataset.xlsx,USER_SUPPLIED_EXPORT_VENDOR_NOT_DOCUMENTED,Generic 1st 'FN' Future,Contemporaneous daily close alignment; exact timestamp not supplied (pilot only),1,No fill; adjacent valid source observations required,No numeric sentinel declared.,2001-01-01,2023-06-30,5814,0.009540034071550256,0,False,Continuous-contract roll construction is undocumented.,False,Continuous-contract roll construction is undocumented.,Rule-based audit,2026-09-03,0
Generic 1st 'FV' Future,generic_future,EXCLUDE,EXCLUDE,contract quotation,Drivers_Assets_Dataset.xlsx,USER_SUPPLIED_EXPORT_VENDOR_NOT_DOCUMENTED,Generic 1st 'FV' Future,Contemporaneous daily close alignment; exact timestamp not supplied (pilot only),1,No fill; adjacent valid source observations required,No numeric sentinel declared.,2001-01-01,2023-06-30,5814,0.009540034071550256,0,False,Continuous-contract roll construction is undocumented.,False,Continuous-contract roll construction is undocumented.,Rule-based audit,2026-09-03,0
Generic 1st 'GX' Future,generic_future,EXCLUDE,EXCLUDE,contract quotation,Drivers_Assets_Dataset.xlsx,USER_SUPPLIED_EXPORT_VENDOR_NOT_DOCUMENTED,Generic 1st 'GX' Future,Contemporaneous daily close alignment; exact timestamp not supplied (pilot only),1,No fill; adjacent valid source observations required,No numeric sentinel declared.,2001-01-01,2023-06-30,5814,0.009540034071550256,0,False,Continuous-contract roll construction is undocumented.,False,Continuous-contract roll construction is undocumented.,Rule-based audit,2026-09-03,0
Generic 1st 'HG' Future,generic_future,EXCLUDE,EXCLUDE,contract quotation,Drivers_Assets_Dataset.xlsx,USER_SUPPLIED_EXPORT_VENDOR_NOT_DOCUMENTED,Generic 1st 'HG' Future,Contemporaneous daily close alignment; exact timestamp not supplied (pilot only),1,No fill; adjacent valid source observations required,No numeric sentinel declared.,2001-01-01,2023-06-30,5814,0.009540034071550256,0,False,Continuous-contract roll construction is undocumented.,False,Continuous-contract roll construction is undocumented.,Rule-based audit,2026-09-03,0
Generic 1st 'HO' Future,generic_future,EXCLUDE,EXCLUDE,contract quotation,Drivers_Assets_Dataset.xlsx,USER_SUPPLIED_EXPORT_VENDOR_NOT_DOCUMENTED,Generic 1st 'HO' Future,Contemporaneous daily close alignment; exact timestamp not supplied (pilot only),1,No fill; adjacent valid source observations required,No numeric sentinel declared.,2001-01-01,2023-06-30,5814,0.009540034071550256,0,False,Continuous-contract roll construction is undocumented.,False,Continuous-contract roll construction is undocumented.,Rule-based audit,2026-09-03,0
Generic 1st 'KC' Future,generic_future,EXCLUDE,EXCLUDE,contract quotation,Drivers_Assets_Dataset.xlsx,USER_SUPPLIED_EXPORT_VENDOR_NOT_DOCUMENTED,Generic 1st 'KC' Future,Contemporaneous daily close alignment; exact timestamp not supplied (pilot only),1,No fill; adjacent valid source observations required,No numeric sentinel declared.,2001-01-01,2023-06-30,5814,0.009540034071550256,0,False,Continuous-contract roll construction is undocumented.,False,Continuous-contract roll construction is undocumented.,Rule-based audit,2026-09-03,0
Generic 1st 'LC' Future,generic_future,EXCLUDE,EXCLUDE,contract quotation,Drivers_Assets_Dataset.xlsx,USER_SUPPLIED_EXPORT_VENDOR_NOT_DOCUMENTED,Generic 1st 'LC' Future,Contemporaneous daily close alignment; exact timestamp not supplied (pilot only),1,No fill; adjacent valid source observations required,No numeric sentinel declared.,2001-01-01,2023-06-30,5814,0.009540034071550256,0,False,Continuous-contract roll construction is undocumented.,False,Continuous-contract roll construction is undocumented.,Rule-based audit,2026-09-03,0
Generic 1st 'NG' Future,generic_future,EXCLUDE,EXCLUDE,contract quotation,Drivers_Assets_Dataset.xlsx,USER_SUPPLIED_EXPORT_VENDOR_NOT_DOCUMENTED,Generic 1st 'NG' Future,Contemporaneous daily close alignment; exact timestamp not supplied (pilot only),1,No fill; adjacent valid source observations required,No numeric sentinel declared.,2001-01-01,2023-06-30,5814,0.009540034071550256,0,False,Continuous-contract roll construction is undocumented.,False,Continuous-contract roll construction is undocumented.,Rule-based audit,2026-09-03,0
Generic 1st 'OE' Future,generic_future,EXCLUDE,EXCLUDE,contract quotation,Drivers_Assets_Dataset.xlsx,USER_SUPPLIED_EXPORT_VENDOR_NOT_DOCUMENTED,Generic 1st 'OE' Future,Contemporaneous daily close alignment; exact timestamp not supplied (pilot only),1,No fill; adjacent valid source observations required,No numeric sentinel declared.,2001-01-01,2023-06-30,5814,0.009540034071550256,0,False,Continuous-contract roll construction is undocumented.,False,Continuous-contract roll construction is undocumented.,Rule-based audit,2026-09-03,0
Generic 1st 'QS' Future,generic_future,EXCLUDE,EXCLUDE,contract quotation,Drivers_Assets_Dataset.xlsx,USER_SUPPLIED_EXPORT_VENDOR_NOT_DOCUMENTED,Generic 1st 'QS' Future,Contemporaneous daily close alignment; exact timestamp not supplied (pilot only),1,No fill; adjacent valid source observations required,No numeric sentinel declared.,2001-01-01,2023-06-30,5814,0.009540034071550256,0,False,Continuous-contract roll construction is undocumented.,False,Continuous-contract roll construction is undocumented.,Rule-based audit,2026-09-03,0
Generic 1st 'RX' Future,generic_future,EXCLUDE,EXCLUDE,contract quotation,Drivers_Assets_Dataset.xlsx,USER_SUPPLIED_EXPORT_VENDOR_NOT_DOCUMENTED,Generic 1st 'RX' Future,Contemporaneous daily close alignment; exact timestamp not supplied (pilot only),1,No fill; adjacent valid source observations required,No numeric sentinel declared.,2001-01-01,2023-06-30,5813,0.009710391822827938,0,False,Continuous-contract roll construction is undocumented.,False,Continuous-contract roll construction is undocumented.,Rule-based audit,2026-09-03,0
Generic 1st 'S ' Future,generic_future,EXCLUDE,EXCLUDE,contract quotation,Drivers_Assets_Dataset.xlsx,USER_SUPPLIED_EXPORT_VENDOR_NOT_DOCUMENTED,Generic 1st 'S ' Future,Contemporaneous daily close alignment; exact timestamp not supplied (pilot only),1,No fill; adjacent valid source observations required,No numeric sentinel declared.,2001-01-01,2023-06-30,5814,0.009540034071550256,2007,False,Continuous-contract roll construction is undocumented.,False,Continuous-contract roll construction is undocumented.,Rule-based audit,2026-09-03,0
Generic 1st 'SB' Future,generic_future,EXCLUDE,EXCLUDE,contract quotation,Drivers_Assets_Dataset.xlsx,USER_SUPPLIED_EXPORT_VENDOR_NOT_DOCUMENTED,Generic 1st 'SB' Future,Contemporaneous daily close alignment; exact timestamp not supplied (pilot only),1,No fill; adjacent valid source observations required,No numeric sentinel declared.,2001-01-01,2023-06-30,5814,0.009540034071550256,0,False,Continuous-contract roll construction is undocumented.,False,Continuous-contract roll construction is undocumented.,Rule-based audit,2026-09-03,0
Generic 1st 'TY' Future,generic_future,EXCLUDE,EXCLUDE,contract quotation,Drivers_Assets_Dataset.xlsx,USER_SUPPLIED_EXPORT_VENDOR_NOT_DOCUMENTED,Generic 1st 'TY' Future,Contemporaneous daily close alignment; exact timestamp not supplied (pilot only),1,No fill; adjacent valid source observations required,No numeric sentinel declared.,2001-01-01,2023-06-30,5813,0.009710391822827938,0,False,Continuous-contract roll construction is undocumented.,False,Continuous-contract roll construction is undocumented.,Rule-based audit,2026-09-03,0
Generic 1st 'US' Future,generic_future,EXCLUDE,EXCLUDE,contract quotation,Drivers_Assets_Dataset.xlsx,USER_SUPPLIED_EXPORT_VENDOR_NOT_DOCUMENTED,Generic 1st 'US' Future,Contemporaneous daily close alignment; exact timestamp not supplied (pilot only),1,No fill; adjacent valid source observations required,No numeric sentinel declared.,2001-01-01,2023-06-30,5813,0.009710391822827938,0,False,Continuous-contract roll construction is undocumented.,False,Continuous-contract roll construction is undocumented.,Rule-based audit,2026-09-03,0
Generic 1st 'W ' Future,generic_future,EXCLUDE,EXCLUDE,contract quotation,Drivers_Assets_Dataset.xlsx,USER_SUPPLIED_EXPORT_VENDOR_NOT_DOCUMENTED,Generic 1st 'W ' Future,Contemporaneous daily close alignment; exact timestamp not supplied (pilot only),1,No fill; adjacent valid source observations required,No numeric sentinel declared.,2001-01-01,2023-06-30,5814,0.009540034071550256,0,False,Continuous-contract roll construction is undocumented.,False,Continuous-contract roll construction is undocumented.,Rule-based audit,2026-09-03,0
Generic 1st 'Z ' Future,generic_future,EXCLUDE,EXCLUDE,contract quotation,Drivers_Assets_Dataset.xlsx,USER_SUPPLIED_EXPORT_VENDOR_NOT_DOCUMENTED,Generic 1st 'Z ' Future,Contemporaneous daily close alignment; exact timestamp not supplied (pilot only),1,No fill; adjacent valid source observations required,No numeric sentinel declared.,2001-01-01,2023-06-30,5814,0.009540034071550256,0,False,Continuous-contract roll construction is undocumented.,False,Continuous-contract roll construction is undocumented.,Rule-based audit,2026-09-03,0
Global Aggregate,bond_or_credit_total_return_index,LOG_DIFFERENCE,LOG_DIFFERENCE,index level,Drivers_Assets_Dataset.xlsx,USER_SUPPLIED_EXPORT_VENDOR_NOT_DOCUMENTED,Global Aggregate,Contemporaneous daily close alignment; exact timestamp not supplied (pilot only),1,No fill; adjacent valid source observations required,No numeric sentinel declared.,2001-01-01,2023-06-30,5869,0.00017035775127768313,0,True,,False,Pilot only: vendor field and observation timestamp are not supplied.,Rule-based audit,2026-09-03,0
Global High Yield,bond_or_credit_total_return_index,LOG_DIFFERENCE,LOG_DIFFERENCE,index level,Drivers_Assets_Dataset.xlsx,USER_SUPPLIED_EXPORT_VENDOR_NOT_DOCUMENTED,Global High Yield,Contemporaneous daily close alignment; exact timestamp not supplied (pilot only),1,No fill; adjacent valid source observations required,No numeric sentinel declared.,2001-01-01,2023-06-30,5869,0.00017035775127768313,0,True,,False,Pilot only: vendor field and observation timestamp are not supplied.,Rule-based audit,2026-09-03,0
Gold Spot   $/Oz,commodity,LOG_DIFFERENCE,LOG_DIFFERENCE,price or index level,Drivers_Assets_Dataset.xlsx,USER_SUPPLIED_EXPORT_VENDOR_NOT_DOCUMENTED,Gold Spot   $/Oz,Contemporaneous daily close alignment; exact timestamp not supplied (pilot only),1,No fill; adjacent valid source observations required,No numeric sentinel declared.,2001-01-01,2023-06-30,5814,0.009540034071550256,0,True,,False,Pilot only: vendor field and observation timestamp are not supplied.,Rule-based audit,2026-09-03,0
Government-Related,bond_or_credit_total_return_index,LOG_DIFFERENCE,LOG_DIFFERENCE,index level,Drivers_Assets_Dataset.xlsx,USER_SUPPLIED_EXPORT_VENDOR_NOT_DOCUMENTED,Government-Related,Contemporaneous daily close alignment; exact timestamp not supplied (pilot only),1,No fill; adjacent valid source observations required,No numeric sentinel declared.,2001-01-01,2023-06-30,5814,0.009540034071550256,0,True,,False,Pilot only: vendor field and observation timestamp are not supplied.,Rule-based audit,2026-09-03,0
HANG SENG INDEX,equity_index,LOG_DIFFERENCE,LOG_DIFFERENCE,index level,Drivers_Assets_Dataset.xlsx,USER_SUPPLIED_EXPORT_VENDOR_NOT_DOCUMENTED,HANG SENG INDEX,Contemporaneous daily close alignment; exact timestamp not supplied (pilot only),1,No fill; adjacent valid source observations required,No numeric sentinel declared.,2001-01-01,2023-06-30,5814,0.009540034071550256,0,True,,False,Pilot only: vendor field and observation timestamp are not supplied.,Rule-based audit,2026-09-03,0
IBEX 35 INDEX,equity_index,LOG_DIFFERENCE,LOG_DIFFERENCE,index level,Drivers_Assets_Dataset.xlsx,USER_SUPPLIED_EXPORT_VENDOR_NOT_DOCUMENTED,IBEX 35 INDEX,Contemporaneous daily close alignment; exact timestamp not supplied (pilot only),1,No fill; adjacent valid source observations required,No numeric sentinel declared.,2001-01-01,2023-06-30,5814,0.009540034071550256,0,True,,False,Pilot only: vendor field and observation timestamp are not supplied.,Rule-based audit,2026-09-03,0
INDIA GOVERNMENT BOND,sovereign_yield,DIFFERENCE,DIFFERENCE,percentage points,Drivers_Assets_Dataset.xlsx,USER_SUPPLIED_EXPORT_VENDOR_NOT_DOCUMENTED,INDIA GOVERNMENT BOND,Contemporaneous daily close alignment; exact timestamp not supplied (pilot only),1,No fill; adjacent valid source observations required,No numeric sentinel declared.,2001-01-01,2023-06-30,5814,0.009540034071550256,0,True,,False,Pilot only: vendor field and observation timestamp are not supplied.,Rule-based audit,2026-09-03,0
Indian Rupee Spot,foreign_exchange,LOG_DIFFERENCE,LOG_DIFFERENCE,exchange-rate level,Drivers_Assets_Dataset.xlsx,USER_SUPPLIED_EXPORT_VENDOR_NOT_DOCUMENTED,Indian Rupee Spot,Contemporaneous daily close alignment; exact timestamp not supplied (pilot only),1,No fill; adjacent valid source observations required,No numeric sentinel declared.,2001-01-01,2023-06-30,5814,0.009540034071550256,0,True,,False,Pilot only: vendor field and observation timestamp are not supplied.,Rule-based audit,2026-09-03,0
Japanese Yen Spot,foreign_exchange,LOG_DIFFERENCE,LOG_DIFFERENCE,exchange-rate level,Drivers_Assets_Dataset.xlsx,USER_SUPPLIED_EXPORT_VENDOR_NOT_DOCUMENTED,Japanese Yen Spot,Contemporaneous daily close alignment; exact timestamp not supplied (pilot only),1,No fill; adjacent valid source observations required,No numeric sentinel declared.,2001-01-01,2023-06-30,5814,0.009540034071550256,0,True,,False,Pilot only: vendor field and observation timestamp are not supplied.,Rule-based audit,2026-09-03,0
LME ALUMINUM  3MO ($),commodity,LOG_DIFFERENCE,LOG_DIFFERENCE,price or index level,Drivers_Assets_Dataset.xlsx,USER_SUPPLIED_EXPORT_VENDOR_NOT_DOCUMENTED,LME ALUMINUM  3MO ($),Contemporaneous daily close alignment; exact timestamp not supplied (pilot only),1,No fill; adjacent valid source observations required,No numeric sentinel declared.,2001-01-01,2023-06-30,5814,0.009540034071550256,0,True,,False,Pilot only: vendor field and observation timestamp are not supplied.,Rule-based audit,2026-09-03,0
LME COPPER    3MO ($),commodity,LOG_DIFFERENCE,LOG_DIFFERENCE,price or index level,Drivers_Assets_Dataset.xlsx,USER_SUPPLIED_EXPORT_VENDOR_NOT_DOCUMENTED,LME COPPER    3MO ($),Contemporaneous daily close alignment; exact timestamp not supplied (pilot only),1,No fill; adjacent valid source observations required,No numeric sentinel declared.,2001-01-01,2023-06-30,5868,0.00034071550255536625,0,True,,False,Pilot only: vendor field and observation timestamp are not supplied.,Rule-based audit,2026-09-03,0
LME COPPER   SPOT ($),commodity,LOG_DIFFERENCE,LOG_DIFFERENCE,price or index level,Drivers_Assets_Dataset.xlsx,USER_SUPPLIED_EXPORT_VENDOR_NOT_DOCUMENTED,LME COPPER   SPOT ($),Contemporaneous daily close alignment; exact timestamp not supplied (pilot only),1,No fill; adjacent valid source observations required,No numeric sentinel declared.,2001-01-01,2023-06-30,5814,0.009540034071550256,0,True,,False,Pilot only: vendor field and observation timestamp are not supplied.,Rule-based audit,2026-09-03,0
MSCI INDIA,equity_index,LOG_DIFFERENCE,LOG_DIFFERENCE,index level,Drivers_Assets_Dataset.xlsx,USER_SUPPLIED_EXPORT_VENDOR_NOT_DOCUMENTED,MSCI INDIA,Contemporaneous daily close alignment; exact timestamp not supplied (pilot only),1,No fill; adjacent valid source observations required,No numeric sentinel declared.,2001-01-01,2023-06-30,5814,0.009540034071550256,0,True,,False,Pilot only: vendor field and observation timestamp are not supplied.,Rule-based audit,2026-09-03,0
Mexican Peso Spot,foreign_exchange,LOG_DIFFERENCE,LOG_DIFFERENCE,exchange-rate level,Drivers_Assets_Dataset.xlsx,USER_SUPPLIED_EXPORT_VENDOR_NOT_DOCUMENTED,Mexican Peso Spot,Contemporaneous daily close alignment; exact timestamp not supplied (pilot only),1,No fill; adjacent valid source observations required,No numeric sentinel declared.,2001-01-01,2023-06-30,5814,0.009540034071550256,0,True,,False,Pilot only: vendor field and observation timestamp are not supplied.,Rule-based audit,2026-09-03,0
NETHERLANDS GOVERNMENT,sovereign_yield,DIFFERENCE,DIFFERENCE,percentage points,Drivers_Assets_Dataset.xlsx,USER_SUPPLIED_EXPORT_VENDOR_NOT_DOCUMENTED,NETHERLANDS GOVERNMENT,Contemporaneous daily close alignment; exact timestamp not supplied (pilot only),1,No fill; adjacent valid source observations required,No numeric sentinel declared.,2001-01-01,2023-06-30,5814,0.009540034071550256,675,True,,False,Pilot only: vendor field and observation timestamp are not supplied.,Rule-based audit,2026-09-03,0
NIKKEI 225,equity_index,LOG_DIFFERENCE,LOG_DIFFERENCE,index level,Drivers_Assets_Dataset.xlsx,USER_SUPPLIED_EXPORT_VENDOR_NOT_DOCUMENTED,NIKKEI 225,Contemporaneous daily close alignment; exact timestamp not supplied (pilot only),1,No fill; adjacent valid source observations required,No numeric sentinel declared.,2001-01-01,2023-06-30,5814,0.009540034071550256,0,True,,False,Pilot only: vendor field and observation timestamp are not supplied.,Rule-based audit,2026-09-03,0
NOK-SEK X-RATE,foreign_exchange,LOG_DIFFERENCE,LOG_DIFFERENCE,exchange-rate level,Drivers_Assets_Dataset.xlsx,USER_SUPPLIED_EXPORT_VENDOR_NOT_DOCUMENTED,NOK-SEK X-RATE,Contemporaneous daily close alignment; exact timestamp not supplied (pilot only),1,No fill; adjacent valid source observations required,No numeric sentinel declared.,2001-01-01,2023-06-30,5814,0.009540034071550256,0,True,,False,Pilot only: vendor field and observation timestamp are not supplied.,Rule-based audit,2026-09-03,0
New Zealand Dollar Spot,foreign_exchange,LOG_DIFFERENCE,LOG_DIFFERENCE,exchange-rate level,Drivers_Assets_Dataset.xlsx,USER_SUPPLIED_EXPORT_VENDOR_NOT_DOCUMENTED,New Zealand Dollar Spot,Contemporaneous daily close alignment; exact timestamp not supplied (pilot only),1,No fill; adjacent valid source observations required,No numeric sentinel declared.,2001-01-01,2023-06-30,5814,0.009540034071550256,0,True,,False,Pilot only: vendor field and observation timestamp are not supplied.,Rule-based audit,2026-09-03,0
Norwegian Krone Spot,foreign_exchange,LOG_DIFFERENCE,LOG_DIFFERENCE,exchange-rate level,Drivers_Assets_Dataset.xlsx,USER_SUPPLIED_EXPORT_VENDOR_NOT_DOCUMENTED,Norwegian Krone Spot,Contemporaneous daily close alignment; exact timestamp not supplied (pilot only),1,No fill; adjacent valid source observations required,No numeric sentinel declared.,2001-01-01,2023-06-30,5814,0.009540034071550256,0,True,,False,Pilot only: vendor field and observation timestamp are not supplied.,Rule-based audit,2026-09-03,0
Pan-European High Yield,bond_or_credit_total_return_index,LOG_DIFFERENCE,LOG_DIFFERENCE,index level,Drivers_Assets_Dataset.xlsx,USER_SUPPLIED_EXPORT_VENDOR_NOT_DOCUMENTED,Pan-European High Yield,Contemporaneous daily close alignment; exact timestamp not supplied (pilot only),1,No fill; adjacent valid source observations required,No numeric sentinel declared.,2001-01-01,2023-06-30,5814,0.009540034071550256,0,True,,False,Pilot only: vendor field and observation timestamp are not supplied.,Rule-based audit,2026-09-03,0
Polish Zloty Spot,foreign_exchange,LOG_DIFFERENCE,LOG_DIFFERENCE,exchange-rate level,Drivers_Assets_Dataset.xlsx,USER_SUPPLIED_EXPORT_VENDOR_NOT_DOCUMENTED,Polish Zloty Spot,Contemporaneous daily close alignment; exact timestamp not supplied (pilot only),1,No fill; adjacent valid source observations required,No numeric sentinel declared.,2001-01-01,2023-06-30,5814,0.009540034071550256,0,True,,False,Pilot only: vendor field and observation timestamp are not supplied.,Rule-based audit,2026-09-03,0
RF Global Inflation-Linked,bond_or_credit_total_return_index,LOG_DIFFERENCE,LOG_DIFFERENCE,index level,Drivers_Assets_Dataset.xlsx,USER_SUPPLIED_EXPORT_VENDOR_NOT_DOCUMENTED,RF Global Inflation-Linked,Contemporaneous daily close alignment; exact timestamp not supplied (pilot only),1,No fill; adjacent valid source observations required,No numeric sentinel declared.,2001-01-01,2023-06-30,5868,0.00034071550255536625,0,True,,False,Pilot only: vendor field and observation timestamp are not supplied.,Rule-based audit,2026-09-03,0
RF Global Treasury,bond_or_credit_total_return_index,LOG_DIFFERENCE,LOG_DIFFERENCE,index level,Drivers_Assets_Dataset.xlsx,USER_SUPPLIED_EXPORT_VENDOR_NOT_DOCUMENTED,RF Global Treasury,Contemporaneous daily close alignment; exact timestamp not supplied (pilot only),1,No fill; adjacent valid source observations required,No numeric sentinel declared.,2001-01-01,2023-06-30,5868,0.00034071550255536625,0,True,,False,Pilot only: vendor field and observation timestamp are not supplied.,Rule-based audit,2026-09-03,0
Russian Ruble SPOT (TOM),discontinued_or_truncated_market_series,EXCLUDE,EXCLUDE,source level,Drivers_Assets_Dataset.xlsx,USER_SUPPLIED_EXPORT_VENDOR_NOT_DOCUMENTED,Russian Ruble SPOT (TOM),Contemporaneous daily close alignment; exact timestamp not supplied (pilot only),1,No fill; adjacent valid source observations required,Exact -1 is a missing-value sentinel; no fill.,2001-01-01,2023-06-30,5814,0.009540034071550256,145,False,Series becomes a persistent -1 sentinel after December 2022.,False,Series becomes a persistent -1 sentinel after December 2022.,Rule-based audit,2026-09-03,0
S&P CoreLogic Case-Shiller 20-,macro_release,EXCLUDE,EXCLUDE,published level,Drivers_Assets_Dataset.xlsx,USER_SUPPLIED_EXPORT_VENDOR_NOT_DOCUMENTED,S&P CoreLogic Case-Shiller 20-,Contemporaneous daily close alignment; exact timestamp not supplied (pilot only),1,No fill; adjacent valid source observations required,Exact -1 is a missing-value sentinel; no fill.,2001-01-01,2023-06-30,5814,0.009540034071550256,195,False,Release vintage and publication timestamp are unavailable.,False,Release vintage and publication timestamp are unavailable.,Rule-based audit,2026-09-03,0
S&P/BMV IPC,equity_index,LOG_DIFFERENCE,LOG_DIFFERENCE,index level,Drivers_Assets_Dataset.xlsx,USER_SUPPLIED_EXPORT_VENDOR_NOT_DOCUMENTED,S&P/BMV IPC,Contemporaneous daily close alignment; exact timestamp not supplied (pilot only),1,No fill; adjacent valid source observations required,No numeric sentinel declared.,2001-01-01,2023-06-30,5814,0.009540034071550256,0,True,,False,Pilot only: vendor field and observation timestamp are not supplied.,Rule-based audit,2026-09-03,0
S. African Rand Spot,foreign_exchange,LOG_DIFFERENCE,LOG_DIFFERENCE,exchange-rate level,Drivers_Assets_Dataset.xlsx,USER_SUPPLIED_EXPORT_VENDOR_NOT_DOCUMENTED,S. African Rand Spot,Contemporaneous daily close alignment; exact timestamp not supplied (pilot only),1,No fill; adjacent valid source observations required,No numeric sentinel declared.,2001-01-01,2023-06-30,5814,0.009540034071550256,0,True,,False,Pilot only: vendor field and observation timestamp are not supplied.,Rule-based audit,2026-09-03,0
Silver Spot  $/Oz,commodity,LOG_DIFFERENCE,LOG_DIFFERENCE,price or index level,Drivers_Assets_Dataset.xlsx,USER_SUPPLIED_EXPORT_VENDOR_NOT_DOCUMENTED,Silver Spot  $/Oz,Contemporaneous daily close alignment; exact timestamp not supplied (pilot only),1,No fill; adjacent valid source observations required,No numeric sentinel declared.,2001-01-01,2023-06-30,5814,0.009540034071550256,0,True,,False,Pilot only: vendor field and observation timestamp are not supplied.,Rule-based audit,2026-09-03,0
Singapore Dollar Spot,foreign_exchange,LOG_DIFFERENCE,LOG_DIFFERENCE,exchange-rate level,Drivers_Assets_Dataset.xlsx,USER_SUPPLIED_EXPORT_VENDOR_NOT_DOCUMENTED,Singapore Dollar Spot,Contemporaneous daily close alignment; exact timestamp not supplied (pilot only),1,No fill; adjacent valid source observations required,No numeric sentinel declared.,2001-01-01,2023-06-30,5814,0.009540034071550256,0,True,,False,Pilot only: vendor field and observation timestamp are not supplied.,Rule-based audit,2026-09-03,0
South Korean Won Spot,foreign_exchange,LOG_DIFFERENCE,LOG_DIFFERENCE,exchange-rate level,Drivers_Assets_Dataset.xlsx,USER_SUPPLIED_EXPORT_VENDOR_NOT_DOCUMENTED,South Korean Won Spot,Contemporaneous daily close alignment; exact timestamp not supplied (pilot only),1,No fill; adjacent valid source observations required,No numeric sentinel declared.,2001-01-01,2023-06-30,5814,0.009540034071550256,0,True,,False,Pilot only: vendor field and observation timestamp are not supplied.,Rule-based audit,2026-09-03,0
Swedish Krona Spot,bond_or_credit_total_return_index,LOG_DIFFERENCE,LOG_DIFFERENCE,index level,Drivers_Assets_Dataset.xlsx,USER_SUPPLIED_EXPORT_VENDOR_NOT_DOCUMENTED,Swedish Krona Spot,Contemporaneous daily close alignment; exact timestamp not supplied (pilot only),1,No fill; adjacent valid source observations required,No numeric sentinel declared.,2001-01-01,2023-06-30,5814,0.009540034071550256,0,True,,False,Pilot only: vendor field and observation timestamp are not supplied.,Rule-based audit,2026-09-03,0
Swiss Franc Spot,foreign_exchange,LOG_DIFFERENCE,LOG_DIFFERENCE,exchange-rate level,Drivers_Assets_Dataset.xlsx,USER_SUPPLIED_EXPORT_VENDOR_NOT_DOCUMENTED,Swiss Franc Spot,Contemporaneous daily close alignment; exact timestamp not supplied (pilot only),1,No fill; adjacent valid source observations required,No numeric sentinel declared.,2001-01-01,2023-06-30,5814,0.009540034071550256,0,True,,False,Pilot only: vendor field and observation timestamp are not supplied.,Rule-based audit,2026-09-03,0
TR/CC CRB ER Index,commodity,LOG_DIFFERENCE,LOG_DIFFERENCE,price or index level,Drivers_Assets_Dataset.xlsx,USER_SUPPLIED_EXPORT_VENDOR_NOT_DOCUMENTED,TR/CC CRB ER Index,Contemporaneous daily close alignment; exact timestamp not supplied (pilot only),1,No fill; adjacent valid source observations required,No numeric sentinel declared.,2001-01-01,2023-06-30,5814,0.009540034071550256,0,True,,False,Pilot only: vendor field and observation timestamp are not supplied.,Rule-based audit,2026-09-03,0
Treasury,bond_or_credit_total_return_index,LOG_DIFFERENCE,LOG_DIFFERENCE,index level,Drivers_Assets_Dataset.xlsx,USER_SUPPLIED_EXPORT_VENDOR_NOT_DOCUMENTED,Treasury,Contemporaneous daily close alignment; exact timestamp not supplied (pilot only),1,No fill; adjacent valid source observations required,No numeric sentinel declared.,2001-01-01,2023-06-30,5814,0.009540034071550256,0,True,,False,Pilot only: vendor field and observation timestamp are not supplied.,Rule-based audit,2026-09-03,0
Turkish Lira Spot,foreign_exchange,LOG_DIFFERENCE,LOG_DIFFERENCE,exchange-rate level,Drivers_Assets_Dataset.xlsx,USER_SUPPLIED_EXPORT_VENDOR_NOT_DOCUMENTED,Turkish Lira Spot,Contemporaneous daily close alignment; exact timestamp not supplied (pilot only),1,No fill; adjacent valid source observations required,No numeric sentinel declared.,2001-01-01,2023-06-30,5814,0.009540034071550256,0,True,,False,Pilot only: vendor field and observation timestamp are not supplied.,Rule-based audit,2026-09-03,0
U.S. Aggregate,bond_or_credit_total_return_index,LOG_DIFFERENCE,LOG_DIFFERENCE,index level,Drivers_Assets_Dataset.xlsx,USER_SUPPLIED_EXPORT_VENDOR_NOT_DOCUMENTED,U.S. Aggregate,Contemporaneous daily close alignment; exact timestamp not supplied (pilot only),1,No fill; adjacent valid source observations required,No numeric sentinel declared.,2001-01-01,2023-06-30,5814,0.009540034071550256,0,True,,False,Pilot only: vendor field and observation timestamp are not supplied.,Rule-based audit,2026-09-03,0
U.S. Corporate High Yield,bond_or_credit_total_return_index,LOG_DIFFERENCE,LOG_DIFFERENCE,index level,Drivers_Assets_Dataset.xlsx,USER_SUPPLIED_EXPORT_VENDOR_NOT_DOCUMENTED,U.S. Corporate High Yield,Contemporaneous daily close alignment; exact timestamp not supplied (pilot only),1,No fill; adjacent valid source observations required,No numeric sentinel declared.,2001-01-01,2023-06-30,5814,0.009540034071550256,0,True,,False,Pilot only: vendor field and observation timestamp are not supplied.,Rule-based audit,2026-09-03,0
U.S. TIPS,bond_or_credit_total_return_index,LOG_DIFFERENCE,LOG_DIFFERENCE,index level,Drivers_Assets_Dataset.xlsx,USER_SUPPLIED_EXPORT_VENDOR_NOT_DOCUMENTED,U.S. TIPS,Contemporaneous daily close alignment; exact timestamp not supplied (pilot only),1,No fill; adjacent valid source observations required,No numeric sentinel declared.,2001-01-01,2023-06-30,5868,0.00034071550255536625,0,True,,False,Pilot only: vendor field and observation timestamp are not supplied.,Rule-based audit,2026-09-03,0
U.S. Treasury,bond_or_credit_total_return_index,LOG_DIFFERENCE,LOG_DIFFERENCE,index level,Drivers_Assets_Dataset.xlsx,USER_SUPPLIED_EXPORT_VENDOR_NOT_DOCUMENTED,U.S. Treasury,Contemporaneous daily close alignment; exact timestamp not supplied (pilot only),1,No fill; adjacent valid source observations required,No numeric sentinel declared.,2001-01-01,2023-06-30,5814,0.009540034071550256,0,True,,False,Pilot only: vendor field and observation timestamp are not supplied.,Rule-based audit,2026-09-03,0
UK Gilts 10 Yr,sovereign_yield,DIFFERENCE,DIFFERENCE,percentage points,Drivers_Assets_Dataset.xlsx,USER_SUPPLIED_EXPORT_VENDOR_NOT_DOCUMENTED,UK Gilts 10 Yr,Contemporaneous daily close alignment; exact timestamp not supplied (pilot only),1,No fill; adjacent valid source observations required,No numeric sentinel declared.,2001-01-01,2023-06-30,5814,0.009540034071550256,0,True,,False,Pilot only: vendor field and observation timestamp are not supplied.,Rule-based audit,2026-09-03,0
UK Gilts 30 Year,sovereign_yield,DIFFERENCE,DIFFERENCE,percentage points,Drivers_Assets_Dataset.xlsx,USER_SUPPLIED_EXPORT_VENDOR_NOT_DOCUMENTED,UK Gilts 30 Year,Contemporaneous daily close alignment; exact timestamp not supplied (pilot only),1,No fill; adjacent valid source observations required,No numeric sentinel declared.,2001-01-01,2023-06-30,5814,0.009540034071550256,0,True,,False,Pilot only: vendor field and observation timestamp are not supplied.,Rule-based audit,2026-09-03,0
UK Gilts 5 Year,sovereign_yield,DIFFERENCE,DIFFERENCE,percentage points,Drivers_Assets_Dataset.xlsx,USER_SUPPLIED_EXPORT_VENDOR_NOT_DOCUMENTED,UK Gilts 5 Year,Contemporaneous daily close alignment; exact timestamp not supplied (pilot only),1,No fill; adjacent valid source observations required,No numeric sentinel declared.,2001-01-01,2023-06-30,5814,0.009540034071550256,148,True,,False,Pilot only: vendor field and observation timestamp are not supplied.,Rule-based audit,2026-09-03,0
US Generic Govt 10 Yr,sovereign_yield,DIFFERENCE,DIFFERENCE,percentage points,Drivers_Assets_Dataset.xlsx,USER_SUPPLIED_EXPORT_VENDOR_NOT_DOCUMENTED,US Generic Govt 10 Yr,Contemporaneous daily close alignment; exact timestamp not supplied (pilot only),1,No fill; adjacent valid source observations required,No numeric sentinel declared.,2001-01-01,2023-06-30,5814,0.009540034071550256,0,True,,False,Pilot only: vendor field and observation timestamp are not supplied.,Rule-based audit,2026-09-03,0
US Generic Govt 2 Yr,sovereign_yield,DIFFERENCE,DIFFERENCE,percentage points,Drivers_Assets_Dataset.xlsx,USER_SUPPLIED_EXPORT_VENDOR_NOT_DOCUMENTED,US Generic Govt 2 Yr,Contemporaneous daily close alignment; exact timestamp not supplied (pilot only),1,No fill; adjacent valid source observations required,No numeric sentinel declared.,2001-01-01,2023-06-30,5814,0.009540034071550256,0,True,,False,Pilot only: vendor field and observation timestamp are not supplied.,Rule-based audit,2026-09-03,0
US Generic Govt 5 Yr,sovereign_yield,DIFFERENCE,DIFFERENCE,percentage points,Drivers_Assets_Dataset.xlsx,USER_SUPPLIED_EXPORT_VENDOR_NOT_DOCUMENTED,US Generic Govt 5 Yr,Contemporaneous daily close alignment; exact timestamp not supplied (pilot only),1,No fill; adjacent valid source observations required,No numeric sentinel declared.,2001-01-01,2023-06-30,5814,0.009540034071550256,0,True,,False,Pilot only: vendor field and observation timestamp are not supplied.,Rule-based audit,2026-09-03,0
US Initial Jobless Claims SA,macro_release,EXCLUDE,EXCLUDE,published level,Drivers_Assets_Dataset.xlsx,USER_SUPPLIED_EXPORT_VENDOR_NOT_DOCUMENTED,US Initial Jobless Claims SA,Contemporaneous daily close alignment; exact timestamp not supplied (pilot only),1,No fill; adjacent valid source observations required,No numeric sentinel declared.,2001-01-01,2023-06-30,5814,0.009540034071550256,0,False,Release vintage and publication timestamp are unavailable.,False,Release vintage and publication timestamp are unavailable.,Rule-based audit,2026-09-03,0
USD-CAD X-RATE,foreign_exchange,LOG_DIFFERENCE,LOG_DIFFERENCE,exchange-rate level,Drivers_Assets_Dataset.xlsx,USER_SUPPLIED_EXPORT_VENDOR_NOT_DOCUMENTED,USD-CAD X-RATE,Contemporaneous daily close alignment; exact timestamp not supplied (pilot only),1,No fill; adjacent valid source observations required,No numeric sentinel declared.,2001-01-01,2023-06-30,5814,0.009540034071550256,0,True,,False,Pilot only: vendor field and observation timestamp are not supplied.,Rule-based audit,2026-09-03,0
USD-CHF X-RATE,foreign_exchange,LOG_DIFFERENCE,LOG_DIFFERENCE,exchange-rate level,Drivers_Assets_Dataset.xlsx,USER_SUPPLIED_EXPORT_VENDOR_NOT_DOCUMENTED,USD-CHF X-RATE,Contemporaneous daily close alignment; exact timestamp not supplied (pilot only),1,No fill; adjacent valid source observations required,No numeric sentinel declared.,2001-01-01,2023-06-30,5814,0.009540034071550256,0,True,,False,Pilot only: vendor field and observation timestamp are not supplied.,Rule-based audit,2026-09-03,0
USD-CLP RR 25D 3M,option_risk_reversal,DIFFERENCE,DIFFERENCE,volatility points,Drivers_Assets_Dataset.xlsx,USER_SUPPLIED_EXPORT_VENDOR_NOT_DOCUMENTED,USD-CLP RR 25D 3M,Contemporaneous daily close alignment; exact timestamp not supplied (pilot only),1,No fill; adjacent valid source observations required,Exact -1 is a missing-value sentinel; no fill.,2001-01-01,2023-06-30,5814,0.009540034071550256,237,True,,False,Pilot only: vendor field and observation timestamp are not supplied.,Rule-based audit,2026-09-03,0
USD-GBP X-RATE,foreign_exchange,LOG_DIFFERENCE,LOG_DIFFERENCE,exchange-rate level,Drivers_Assets_Dataset.xlsx,USER_SUPPLIED_EXPORT_VENDOR_NOT_DOCUMENTED,USD-GBP X-RATE,Contemporaneous daily close alignment; exact timestamp not supplied (pilot only),1,No fill; adjacent valid source observations required,No numeric sentinel declared.,2001-01-01,2023-06-30,5814,0.009540034071550256,0,True,,False,Pilot only: vendor field and observation timestamp are not supplied.,Rule-based audit,2026-09-03,0
USD-JPY X-RATE,foreign_exchange,LOG_DIFFERENCE,LOG_DIFFERENCE,exchange-rate level,Drivers_Assets_Dataset.xlsx,USER_SUPPLIED_EXPORT_VENDOR_NOT_DOCUMENTED,USD-JPY X-RATE,Contemporaneous daily close alignment; exact timestamp not supplied (pilot only),1,No fill; adjacent valid source observations required,No numeric sentinel declared.,2001-01-01,2023-06-30,5814,0.009540034071550256,0,True,,False,Pilot only: vendor field and observation timestamp are not supplied.,Rule-based audit,2026-09-03,0
