source_label,economic_class,suggested_transformation,approved_transformation,unit,source_file,source_vendor,source_field,availability_timestamp_or_timezone,availability_lag_trading_days,missing_value_rule,sentinel_value_rule,observed_start,observed_end,observations,missing_fraction,nonpositive_observations,pilot_eligible,pilot_exclusion_reason,confirmatory_eligible,exclusion_reason,reviewed_by,reviewed_on
1-3 Year EU,bond_or_credit_index,LOG_DIFFERENCE,LOG_DIFFERENCE,index level,Drivers_Assets_Dataset.xlsx,Bloomberg,PX_LAST,Bloomberg market close observation; predictive analyses use the predeclared asset-specific lag,1,"Carry PX_LAST for at most three source rows across local-market closures, then transform on the target asset calendar; declared sentinels and longer outages remain missing",No numeric sentinel declared.,2001-01-01,2023-07-03,5869,0.00034065746891500596,0,True,,True,,Rule-based audit,2026-09-03
3-5 Years EU,bond_or_credit_index,LOG_DIFFERENCE,LOG_DIFFERENCE,index level,Drivers_Assets_Dataset.xlsx,Bloomberg,PX_LAST,Bloomberg market close observation; predictive analyses use the predeclared asset-specific lag,1,"Carry PX_LAST for at most three source rows across local-market closures, then transform on the target asset calendar; declared sentinels and longer outages remain missing",No numeric sentinel declared.,2001-01-01,2023-07-03,5869,0.00034065746891500596,0,True,,True,,Rule-based audit,2026-09-03
7-10 Years EU,bond_or_credit_index,LOG_DIFFERENCE,LOG_DIFFERENCE,index level,Drivers_Assets_Dataset.xlsx,Bloomberg,PX_LAST,Bloomberg market close observation; predictive analyses use the predeclared asset-specific lag,1,"Carry PX_LAST for at most three source rows across local-market closures, then transform on the target asset calendar; declared sentinels and longer outages remain missing",No numeric sentinel declared.,2001-01-01,2023-07-03,5869,0.00034065746891500596,0,True,,True,,Rule-based audit,2026-09-03
AUD-CAD X-RATE,foreign_exchange,LOG_DIFFERENCE,LOG_DIFFERENCE,exchange-rate level,Drivers_Assets_Dataset.xlsx,Bloomberg,PX_LAST,Bloomberg market close observation; predictive analyses use the predeclared asset-specific lag,1,"Carry PX_LAST for at most three source rows across local-market closures, then transform on the target asset calendar; declared sentinels and longer outages remain missing",No numeric sentinel declared.,2001-01-01,2023-07-03,5815,0.009538409129620166,0,True,,True,,Rule-based audit,2026-09-03
AUD-JPY X-RATE,foreign_exchange,LOG_DIFFERENCE,LOG_DIFFERENCE,exchange-rate level,Drivers_Assets_Dataset.xlsx,Bloomberg,PX_LAST,Bloomberg market close observation; predictive analyses use the predeclared asset-specific lag,1,"Carry PX_LAST for at most three source rows across local-market closures, then transform on the target asset calendar; declared sentinels and longer outages remain missing",No numeric sentinel declared.,2001-01-01,2023-07-03,5815,0.009538409129620166,0,True,,True,,Rule-based audit,2026-09-03
AUD-NZD X-RATE,foreign_exchange,LOG_DIFFERENCE,LOG_DIFFERENCE,exchange-rate level,Drivers_Assets_Dataset.xlsx,Bloomberg,PX_LAST,Bloomberg market close observation; predictive analyses use the predeclared asset-specific lag,1,"Carry PX_LAST for at most three source rows across local-market closures, then transform on the target asset calendar; declared sentinels and longer outages remain missing",No numeric sentinel declared.,2001-01-01,2023-07-03,5815,0.009538409129620166,0,True,,True,,Rule-based audit,2026-09-03
Argentine Peso Spot,foreign_exchange,LOG_DIFFERENCE,LOG_DIFFERENCE,exchange-rate level,Drivers_Assets_Dataset.xlsx,Bloomberg,PX_LAST,Bloomberg market close observation; predictive analyses use the predeclared asset-specific lag,1,"Carry PX_LAST for at most three source rows across local-market closures, then transform on the target asset calendar; declared sentinels and longer outages remain missing",No numeric sentinel declared.,2001-01-01,2023-07-03,5815,0.009538409129620166,0,True,,True,,Rule-based audit,2026-09-03
Australian Dollar Spot,foreign_exchange,LOG_DIFFERENCE,LOG_DIFFERENCE,exchange-rate level,Drivers_Assets_Dataset.xlsx,Bloomberg,PX_LAST,Bloomberg market close observation; predictive analyses use the predeclared asset-specific lag,1,"Carry PX_LAST for at most three source rows across local-market closures, then transform on the target asset calendar; declared sentinels and longer outages remain missing",No numeric sentinel declared.,2001-01-01,2023-07-03,5815,0.009538409129620166,0,True,,True,,Rule-based audit,2026-09-03
BBG Commodity,commodity,LOG_DIFFERENCE,LOG_DIFFERENCE,price or index level,Drivers_Assets_Dataset.xlsx,Bloomberg,PX_LAST,Bloomberg market close observation; predictive analyses use the predeclared asset-specific lag,1,"Carry PX_LAST for at most three source rows across local-market closures, then transform on the target asset calendar; declared sentinels and longer outages remain missing",No numeric sentinel declared.,2001-01-01,2023-07-03,5869,0.00034065746891500596,0,True,,True,,Rule-based audit,2026-09-03
BBG Euro Ser-E Gov 1-3 Yr,bond_or_credit_index,LOG_DIFFERENCE,LOG_DIFFERENCE,index level,Drivers_Assets_Dataset.xlsx,Bloomberg,PX_LAST,Bloomberg market close observation; predictive analyses use the predeclared asset-specific lag,1,"Carry PX_LAST for at most three source rows across local-market closures, then transform on the target asset calendar; declared sentinels and longer outages remain missing",No numeric sentinel declared.,2001-01-01,2023-07-03,5869,0.00034065746891500596,0,True,,True,,Rule-based audit,2026-09-03
BEIG1T,bond_or_credit_index,LOG_DIFFERENCE,LOG_DIFFERENCE,index level,Drivers_Assets_Dataset.xlsx,Bloomberg,PX_LAST,Bloomberg market close observation; predictive analyses use the predeclared asset-specific lag,1,"Carry PX_LAST for at most three source rows across local-market closures, then transform on the target asset calendar; declared sentinels and longer outages remain missing",No numeric sentinel declared.,2001-01-01,2023-07-03,5869,0.00034065746891500596,0,True,,True,,Rule-based audit,2026-09-03
BONOS Y OBLIG DEL ESTADO,sovereign_yield,DIFFERENCE,DIFFERENCE,percentage points,Drivers_Assets_Dataset.xlsx,Bloomberg,PX_LAST,Bloomberg market close observation; predictive analyses use the predeclared asset-specific lag,1,"Carry PX_LAST for at most three source rows across local-market closures, then transform on the target asset calendar; declared sentinels and longer outages remain missing",No numeric sentinel declared.,2001-01-01,2023-07-03,5815,0.009538409129620166,0,True,,True,,Rule-based audit,2026-09-03
BRAZIL IBOVESPA INDEX,equity_index,LOG_DIFFERENCE,LOG_DIFFERENCE,index level,Drivers_Assets_Dataset.xlsx,Bloomberg,PX_LAST,Bloomberg market close observation; predictive analyses use the predeclared asset-specific lag,1,"Carry PX_LAST for at most three source rows across local-market closures, then transform on the target asset calendar; declared sentinels and longer outages remain missing",No numeric sentinel declared.,2001-01-01,2023-07-03,5815,0.009538409129620166,0,True,,True,,Rule-based audit,2026-09-03
BUONI POLIENNALI DEL TES,sovereign_yield,DIFFERENCE,DIFFERENCE,percentage points,Drivers_Assets_Dataset.xlsx,Bloomberg,PX_LAST,Bloomberg market close observation; predictive analyses use the predeclared asset-specific lag,1,"Carry PX_LAST for at most three source rows across local-market closures, then transform on the target asset calendar; declared sentinels and longer outages remain missing",No numeric sentinel declared.,2001-01-01,2023-07-03,5815,0.009538409129620166,0,True,,True,,Rule-based audit,2026-09-03
Brazilian Real Spot,foreign_exchange,LOG_DIFFERENCE,LOG_DIFFERENCE,exchange-rate level,Drivers_Assets_Dataset.xlsx,Bloomberg,PX_LAST,Bloomberg market close observation; predictive analyses use the predeclared asset-specific lag,1,"Carry PX_LAST for at most three source rows across local-market closures, then transform on the target asset calendar; declared sentinels and longer outages remain missing",No numeric sentinel declared.,2001-01-01,2023-07-03,5815,0.009538409129620166,0,True,,True,,Rule-based audit,2026-09-03
British Pound Spot,foreign_exchange,LOG_DIFFERENCE,LOG_DIFFERENCE,exchange-rate level,Drivers_Assets_Dataset.xlsx,Bloomberg,PX_LAST,Bloomberg market close observation; predictive analyses use the predeclared asset-specific lag,1,"Carry PX_LAST for at most three source rows across local-market closures, then transform on the target asset calendar; declared sentinels and longer outages remain missing",No numeric sentinel declared.,2001-01-01,2023-07-03,5815,0.009538409129620166,0,True,,True,,Rule-based audit,2026-09-03
CAC 40 INDEX,equity_index,LOG_DIFFERENCE,LOG_DIFFERENCE,index level,Drivers_Assets_Dataset.xlsx,Bloomberg,PX_LAST,Bloomberg market close observation; predictive analyses use the predeclared asset-specific lag,1,"Carry PX_LAST for at most three source rows across local-market closures, then transform on the target asset calendar; declared sentinels and longer outages remain missing",No numeric sentinel declared.,2001-01-01,2023-07-03,5815,0.009538409129620166,0,True,,True,,Rule-based audit,2026-09-03
CAD-CHF X-RATE,foreign_exchange,LOG_DIFFERENCE,LOG_DIFFERENCE,exchange-rate level,Drivers_Assets_Dataset.xlsx,Bloomberg,PX_LAST,Bloomberg market close observation; predictive analyses use the predeclared asset-specific lag,1,"Carry PX_LAST for at most three source rows across local-market closures, then transform on the target asset calendar; declared sentinels and longer outages remain missing",No numeric sentinel declared.,2001-01-01,2023-07-03,5815,0.009538409129620166,0,True,,True,,Rule-based audit,2026-09-03
CAD-JPY X-RATE,foreign_exchange,LOG_DIFFERENCE,LOG_DIFFERENCE,exchange-rate level,Drivers_Assets_Dataset.xlsx,Bloomberg,PX_LAST,Bloomberg market close observation; predictive analyses use the predeclared asset-specific lag,1,"Carry PX_LAST for at most three source rows across local-market closures, then transform on the target asset calendar; declared sentinels and longer outages remain missing",No numeric sentinel declared.,2001-01-01,2023-07-03,5815,0.009538409129620166,0,True,,True,,Rule-based audit,2026-09-03
CHF-JPY X-RATE,foreign_exchange,LOG_DIFFERENCE,LOG_DIFFERENCE,exchange-rate level,Drivers_Assets_Dataset.xlsx,Bloomberg,PX_LAST,Bloomberg market close observation; predictive analyses use the predeclared asset-specific lag,1,"Carry PX_LAST for at most three source rows across local-market closures, then transform on the target asset calendar; declared sentinels and longer outages remain missing",No numeric sentinel declared.,2001-01-01,2023-07-03,5815,0.009538409129620166,0,True,,True,,Rule-based audit,2026-09-03
CSI 300 INDEX,equity_index,LOG_DIFFERENCE,LOG_DIFFERENCE,index level,Drivers_Assets_Dataset.xlsx,Bloomberg,PX_LAST,Bloomberg market close observation; predictive analyses use the predeclared asset-specific lag,1,"Carry PX_LAST for at most three source rows across local-market closures, then transform on the target asset calendar; declared sentinels and longer outages remain missing",Exact -1 is a missing-value sentinel; no fill.,2001-01-01,2023-07-03,5815,0.009538409129620166,264,True,,True,,Rule-based audit,2026-09-03
Canadian Dollar Spot,foreign_exchange,LOG_DIFFERENCE,LOG_DIFFERENCE,exchange-rate level,Drivers_Assets_Dataset.xlsx,Bloomberg,PX_LAST,Bloomberg market close observation; predictive analyses use the predeclared asset-specific lag,1,"Carry PX_LAST for at most three source rows across local-market closures, then transform on the target asset calendar; declared sentinels and longer outages remain missing",No numeric sentinel declared.,2001-01-01,2023-07-03,5815,0.009538409129620166,0,True,,True,,Rule-based audit,2026-09-03
Cboe Volatility Index,volatility_index,LOG_DIFFERENCE,LOG_DIFFERENCE,index level,Drivers_Assets_Dataset.xlsx,Bloomberg,PX_LAST,Bloomberg market close observation; predictive analyses use the predeclared asset-specific lag,1,"Carry PX_LAST for at most three source rows across local-market closures, then transform on the target asset calendar; declared sentinels and longer outages remain missing",No numeric sentinel declared.,2001-01-01,2023-07-03,5815,0.009538409129620166,0,True,,True,,Rule-based audit,2026-09-03
Corporate,bond_or_credit_index,LOG_DIFFERENCE,LOG_DIFFERENCE,index level,Drivers_Assets_Dataset.xlsx,Bloomberg,PX_LAST,Bloomberg market close observation; predictive analyses use the predeclared asset-specific lag,1,"Carry PX_LAST for at most three source rows across local-market closures, then transform on the target asset calendar; declared sentinels and longer outages remain missing",No numeric sentinel declared.,2001-01-01,2023-07-03,5815,0.009538409129620166,0,True,,True,,Rule-based audit,2026-09-03
Credit,bond_or_credit_index,LOG_DIFFERENCE,LOG_DIFFERENCE,index level,Drivers_Assets_Dataset.xlsx,Bloomberg,PX_LAST,Bloomberg market close observation; predictive analyses use the predeclared asset-specific lag,1,"Carry PX_LAST for at most three source rows across local-market closures, then transform on the target asset calendar; declared sentinels and longer outages remain missing",No numeric sentinel declared.,2001-01-01,2023-07-03,5870,0.00017032873445750298,0,True,,True,,Rule-based audit,2026-09-03
DAX INDEX,equity_index,LOG_DIFFERENCE,LOG_DIFFERENCE,index level,Drivers_Assets_Dataset.xlsx,Bloomberg,PX_LAST,Bloomberg market close observation; predictive analyses use the predeclared asset-specific lag,1,"Carry PX_LAST for at most three source rows across local-market closures, then transform on the target asset calendar; declared sentinels and longer outages remain missing",No numeric sentinel declared.,2001-01-01,2023-07-03,5815,0.009538409129620166,0,True,,True,,Rule-based audit,2026-09-03
DB Euro Overnight Rate,money_market_rate,DIFFERENCE,DIFFERENCE,percentage points,Drivers_Assets_Dataset.xlsx,Bloomberg,PX_LAST,Bloomberg market close observation; predictive analyses use the predeclared asset-specific lag,1,"Carry PX_LAST for at most three source rows across local-market closures, then transform on the target asset calendar; declared sentinels and longer outages remain missing",No numeric sentinel declared.,2001-01-01,2023-07-03,5870,0.00017032873445750298,0,True,,True,,Rule-based audit,2026-09-03
DOLLAR INDEX SPOT,currency_index,LOG_DIFFERENCE,LOG_DIFFERENCE,index level,Drivers_Assets_Dataset.xlsx,Bloomberg,PX_LAST,Bloomberg market close observation; predictive analyses use the predeclared asset-specific lag,1,"Carry PX_LAST for at most three source rows across local-market closures, then transform on the target asset calendar; declared sentinels and longer outages remain missing",No numeric sentinel declared.,2001-01-01,2023-07-03,5815,0.009538409129620166,0,True,,True,,Rule-based audit,2026-09-03
EM USD Aggregate,bond_or_credit_index,LOG_DIFFERENCE,LOG_DIFFERENCE,index level,Drivers_Assets_Dataset.xlsx,Bloomberg,PX_LAST,Bloomberg market close observation; predictive analyses use the predeclared asset-specific lag,1,"Carry PX_LAST for at most three source rows across local-market closures, then transform on the target asset calendar; declared sentinels and longer outages remain missing",No numeric sentinel declared.,2001-01-01,2023-07-03,5815,0.009538409129620166,0,True,,True,,Rule-based audit,2026-09-03
EUR SWAP ANN (VS 6M) 10Y,swap_rate,DIFFERENCE,DIFFERENCE,percentage points,Drivers_Assets_Dataset.xlsx,Bloomberg,PX_LAST,Bloomberg market close observation; predictive analyses use the predeclared asset-specific lag,1,"Carry PX_LAST for at most three source rows across local-market closures, then transform on the target asset calendar; declared sentinels and longer outages remain missing",No numeric sentinel declared.,2001-01-01,2023-07-03,5815,0.009538409129620166,362,True,,True,,Rule-based audit,2026-09-03
EUR SWAP ANN (VS 6M) 1Y,swap_rate,DIFFERENCE,DIFFERENCE,percentage points,Drivers_Assets_Dataset.xlsx,Bloomberg,PX_LAST,Bloomberg market close observation; predictive analyses use the predeclared asset-specific lag,1,"Carry PX_LAST for at most three source rows across local-market closures, then transform on the target asset calendar; declared sentinels and longer outages remain missing",No numeric sentinel declared.,2001-01-01,2023-07-03,5815,0.009538409129620166,1684,True,,True,,Rule-based audit,2026-09-03
EUR SWAP ANN (VS 6M) 2Y,swap_rate,DIFFERENCE,DIFFERENCE,percentage points,Drivers_Assets_Dataset.xlsx,Bloomberg,PX_LAST,Bloomberg market close observation; predictive analyses use the predeclared asset-specific lag,1,"Carry PX_LAST for at most three source rows across local-market closures, then transform on the target asset calendar; declared sentinels and longer outages remain missing",No numeric sentinel declared.,2001-01-01,2023-07-03,5815,0.009538409129620166,1639,True,,True,,Rule-based audit,2026-09-03
EUR SWAP ANN (VS 6M) 30Y,swap_rate,DIFFERENCE,DIFFERENCE,percentage points,Drivers_Assets_Dataset.xlsx,Bloomberg,PX_LAST,Bloomberg market close observation; predictive analyses use the predeclared asset-specific lag,1,"Carry PX_LAST for at most three source rows across local-market closures, then transform on the target asset calendar; declared sentinels and longer outages remain missing",No numeric sentinel declared.,2001-01-01,2023-07-03,5815,0.009538409129620166,98,True,,True,,Rule-based audit,2026-09-03
EUR SWAP ANN (VS 6M) 5Y,swap_rate,DIFFERENCE,DIFFERENCE,percentage points,Drivers_Assets_Dataset.xlsx,Bloomberg,PX_LAST,Bloomberg market close observation; predictive analyses use the predeclared asset-specific lag,1,"Carry PX_LAST for at most three source rows across local-market closures, then transform on the target asset calendar; declared sentinels and longer outages remain missing",No numeric sentinel declared.,2001-01-01,2023-07-03,5815,0.009538409129620166,801,True,,True,,Rule-based audit,2026-09-03
EUR-AUD X-RATE,foreign_exchange,LOG_DIFFERENCE,LOG_DIFFERENCE,exchange-rate level,Drivers_Assets_Dataset.xlsx,Bloomberg,PX_LAST,Bloomberg market close observation; predictive analyses use the predeclared asset-specific lag,1,"Carry PX_LAST for at most three source rows across local-market closures, then transform on the target asset calendar; declared sentinels and longer outages remain missing",No numeric sentinel declared.,2001-01-01,2023-07-03,5815,0.009538409129620166,0,True,,True,,Rule-based audit,2026-09-03
EUR-CAD X-RATE,foreign_exchange,LOG_DIFFERENCE,LOG_DIFFERENCE,exchange-rate level,Drivers_Assets_Dataset.xlsx,Bloomberg,PX_LAST,Bloomberg market close observation; predictive analyses use the predeclared asset-specific lag,1,"Carry PX_LAST for at most three source rows across local-market closures, then transform on the target asset calendar; declared sentinels and longer outages remain missing",No numeric sentinel declared.,2001-01-01,2023-07-03,5815,0.009538409129620166,0,True,,True,,Rule-based audit,2026-09-03
EUR-CHF X-RATE,foreign_exchange,LOG_DIFFERENCE,LOG_DIFFERENCE,exchange-rate level,Drivers_Assets_Dataset.xlsx,Bloomberg,PX_LAST,Bloomberg market close observation; predictive analyses use the predeclared asset-specific lag,1,"Carry PX_LAST for at most three source rows across local-market closures, then transform on the target asset calendar; declared sentinels and longer outages remain missing",No numeric sentinel declared.,2001-01-01,2023-07-03,5815,0.009538409129620166,0,True,,True,,Rule-based audit,2026-09-03
EUR-CNY X-RATE,foreign_exchange,LOG_DIFFERENCE,LOG_DIFFERENCE,exchange-rate level,Drivers_Assets_Dataset.xlsx,Bloomberg,PX_LAST,Bloomberg market close observation; predictive analyses use the predeclared asset-specific lag,1,"Carry PX_LAST for at most three source rows across local-market closures, then transform on the target asset calendar; declared sentinels and longer outages remain missing",No numeric sentinel declared.,2001-01-01,2023-07-03,5869,0.00034065746891500596,0,True,,True,,Rule-based audit,2026-09-03
EUR-CZK X-RATE,foreign_exchange,LOG_DIFFERENCE,LOG_DIFFERENCE,exchange-rate level,Drivers_Assets_Dataset.xlsx,Bloomberg,PX_LAST,Bloomberg market close observation; predictive analyses use the predeclared asset-specific lag,1,"Carry PX_LAST for at most three source rows across local-market closures, then transform on the target asset calendar; declared sentinels and longer outages remain missing",No numeric sentinel declared.,2001-01-01,2023-07-03,5815,0.009538409129620166,0,True,,True,,Rule-based audit,2026-09-03
EUR-GBP X-RATE,foreign_exchange,LOG_DIFFERENCE,LOG_DIFFERENCE,exchange-rate level,Drivers_Assets_Dataset.xlsx,Bloomberg,PX_LAST,Bloomberg market close observation; predictive analyses use the predeclared asset-specific lag,1,"Carry PX_LAST for at most three source rows across local-market closures, then transform on the target asset calendar; declared sentinels and longer outages remain missing",No numeric sentinel declared.,2001-01-01,2023-07-03,5815,0.009538409129620166,0,True,,True,,Rule-based audit,2026-09-03
EUR-JPY X-RATE,foreign_exchange,LOG_DIFFERENCE,LOG_DIFFERENCE,exchange-rate level,Drivers_Assets_Dataset.xlsx,Bloomberg,PX_LAST,Bloomberg market close observation; predictive analyses use the predeclared asset-specific lag,1,"Carry PX_LAST for at most three source rows across local-market closures, then transform on the target asset calendar; declared sentinels and longer outages remain missing",No numeric sentinel declared.,2001-01-01,2023-07-03,5815,0.009538409129620166,0,True,,True,,Rule-based audit,2026-09-03
EUR-NOK X-RATE,foreign_exchange,LOG_DIFFERENCE,LOG_DIFFERENCE,exchange-rate level,Drivers_Assets_Dataset.xlsx,Bloomberg,PX_LAST,Bloomberg market close observation; predictive analyses use the predeclared asset-specific lag,1,"Carry PX_LAST for at most three source rows across local-market closures, then transform on the target asset calendar; declared sentinels and longer outages remain missing",No numeric sentinel declared.,2001-01-01,2023-07-03,5815,0.009538409129620166,0,True,,True,,Rule-based audit,2026-09-03
EUR-PLN X-RATE,foreign_exchange,LOG_DIFFERENCE,LOG_DIFFERENCE,exchange-rate level,Drivers_Assets_Dataset.xlsx,Bloomberg,PX_LAST,Bloomberg market close observation; predictive analyses use the predeclared asset-specific lag,1,"Carry PX_LAST for at most three source rows across local-market closures, then transform on the target asset calendar; declared sentinels and longer outages remain missing",No numeric sentinel declared.,2001-01-01,2023-07-03,5815,0.009538409129620166,0,True,,True,,Rule-based audit,2026-09-03
EUR-SEK X-RATE,foreign_exchange,LOG_DIFFERENCE,LOG_DIFFERENCE,exchange-rate level,Drivers_Assets_Dataset.xlsx,Bloomberg,PX_LAST,Bloomberg market close observation; predictive analyses use the predeclared asset-specific lag,1,"Carry PX_LAST for at most three source rows across local-market closures, then transform on the target asset calendar; declared sentinels and longer outages remain missing",No numeric sentinel declared.,2001-01-01,2023-07-03,5815,0.009538409129620166,0,True,,True,,Rule-based audit,2026-09-03
Eonia Capitalization Index 7 D,discontinued_or_truncated_market_series,EXCLUDE,EXCLUDE,source level,Drivers_Assets_Dataset.xlsx,Bloomberg,PX_LAST,Bloomberg market close observation; predictive analyses use the predeclared asset-specific lag,1,"Carry PX_LAST for at most three source rows across local-market closures, then transform on the target asset calendar; declared sentinels and longer outages remain missing",Exact -1 is a missing-value sentinel; no fill.,2001-01-01,2023-07-03,5869,0.00034065746891500596,146,False,Series becomes a persistent -1 sentinel after December 2022.,False,Series becomes a persistent -1 sentinel after December 2022.,Rule-based audit,2026-09-03
Euro Spot,foreign_exchange,LOG_DIFFERENCE,LOG_DIFFERENCE,exchange-rate level,Drivers_Assets_Dataset.xlsx,Bloomberg,PX_LAST,Bloomberg market close observation; predictive analyses use the predeclared asset-specific lag,1,"Carry PX_LAST for at most three source rows across local-market closures, then transform on the target asset calendar; declared sentinels and longer outages remain missing",No numeric sentinel declared.,2001-01-01,2023-07-03,5815,0.009538409129620166,0,True,,True,,Rule-based audit,2026-09-03
Euro-Aggregate,bond_or_credit_index,LOG_DIFFERENCE,LOG_DIFFERENCE,index level,Drivers_Assets_Dataset.xlsx,Bloomberg,PX_LAST,Bloomberg market close observation; predictive analyses use the predeclared asset-specific lag,1,"Carry PX_LAST for at most three source rows across local-market closures, then transform on the target asset calendar; declared sentinels and longer outages remain missing",No numeric sentinel declared.,2001-01-01,2023-07-03,5817,0.009197751660705161,0,True,,True,,Rule-based audit,2026-09-03
FRANCE (GOVT OF),sovereign_yield,DIFFERENCE,DIFFERENCE,percentage points,Drivers_Assets_Dataset.xlsx,Bloomberg,PX_LAST,Bloomberg market close observation; predictive analyses use the predeclared asset-specific lag,1,"Carry PX_LAST for at most three source rows across local-market closures, then transform on the target asset calendar; declared sentinels and longer outages remain missing",No numeric sentinel declared.,2001-01-01,2023-07-03,5815,0.009538409129620166,267,True,,True,,Rule-based audit,2026-09-03
FTSE 100 INDEX,equity_index,LOG_DIFFERENCE,LOG_DIFFERENCE,index level,Drivers_Assets_Dataset.xlsx,Bloomberg,PX_LAST,Bloomberg market close observation; predictive analyses use the predeclared asset-specific lag,1,"Carry PX_LAST for at most three source rows across local-market closures, then transform on the target asset calendar; declared sentinels and longer outages remain missing",No numeric sentinel declared.,2001-01-01,2023-07-03,5815,0.009538409129620166,0,True,,True,,Rule-based audit,2026-09-03
FTSE MIB INDEX,equity_index,LOG_DIFFERENCE,LOG_DIFFERENCE,index level,Drivers_Assets_Dataset.xlsx,Bloomberg,PX_LAST,Bloomberg market close observation; predictive analyses use the predeclared asset-specific lag,1,"Carry PX_LAST for at most three source rows across local-market closures, then transform on the target asset calendar; declared sentinels and longer outages remain missing",No numeric sentinel declared.,2001-01-01,2023-07-03,5815,0.009538409129620166,0,True,,True,,Rule-based audit,2026-09-03
GBP-AUD X-RATE,foreign_exchange,LOG_DIFFERENCE,LOG_DIFFERENCE,exchange-rate level,Drivers_Assets_Dataset.xlsx,Bloomberg,PX_LAST,Bloomberg market close observation; predictive analyses use the predeclared asset-specific lag,1,"Carry PX_LAST for at most three source rows across local-market closures, then transform on the target asset calendar; declared sentinels and longer outages remain missing",No numeric sentinel declared.,2001-01-01,2023-07-03,5815,0.009538409129620166,0,True,,True,,Rule-based audit,2026-09-03
GBP-CAD X-RATE,foreign_exchange,LOG_DIFFERENCE,LOG_DIFFERENCE,exchange-rate level,Drivers_Assets_Dataset.xlsx,Bloomberg,PX_LAST,Bloomberg market close observation; predictive analyses use the predeclared asset-specific lag,1,"Carry PX_LAST for at most three source rows across local-market closures, then transform on the target asset calendar; declared sentinels and longer outages remain missing",No numeric sentinel declared.,2001-01-01,2023-07-03,5815,0.009538409129620166,0,True,,True,,Rule-based audit,2026-09-03
GERMANY GOVT BND 10 YR DBR,sovereign_yield,DIFFERENCE,DIFFERENCE,percentage points,Drivers_Assets_Dataset.xlsx,Bloomberg,PX_LAST,Bloomberg market close observation; predictive analyses use the predeclared asset-specific lag,1,"Carry PX_LAST for at most three source rows across local-market closures, then transform on the target asset calendar; declared sentinels and longer outages remain missing",No numeric sentinel declared.,2001-01-01,2023-07-03,5815,0.009538409129620166,799,True,,True,,Rule-based audit,2026-09-03
GERMANY GOVT BND 2 YR BKO,sovereign_yield,DIFFERENCE,DIFFERENCE,percentage points,Drivers_Assets_Dataset.xlsx,Bloomberg,PX_LAST,Bloomberg market close observation; predictive analyses use the predeclared asset-specific lag,1,"Carry PX_LAST for at most three source rows across local-market closures, then transform on the target asset calendar; declared sentinels and longer outages remain missing",No numeric sentinel declared.,2001-01-01,2023-07-03,5815,0.009538409129620166,2081,True,,True,,Rule-based audit,2026-09-03
GERMANY GOVT BND 5 YR OBL,sovereign_yield,DIFFERENCE,DIFFERENCE,percentage points,Drivers_Assets_Dataset.xlsx,Bloomberg,PX_LAST,Bloomberg market close observation; predictive analyses use the predeclared asset-specific lag,1,"Carry PX_LAST for at most three source rows across local-market closures, then transform on the target asset calendar; declared sentinels and longer outages remain missing",No numeric sentinel declared.,2001-01-01,2023-07-03,5815,0.009538409129620166,1720,True,,True,,Rule-based audit,2026-09-03
Generic 1st 'C ' Future,generic_future,LOG_DIFFERENCE,LOG_DIFFERENCE,contract quotation,Drivers_Assets_Dataset.xlsx,Bloomberg,PX_LAST,Bloomberg market close observation; predictive analyses use the predeclared asset-specific lag,1,"Carry PX_LAST for at most three source rows across local-market closures, then transform on the target asset calendar; declared sentinels and longer outages remain missing",No numeric sentinel declared.,2001-01-01,2023-07-03,5815,0.009538409129620166,0,True,Bloomberg Generic 1st PX_LAST; roll dates are monitored in robustness checks.,True,,Rule-based audit,2026-09-03
Generic 1st 'CF' Future,generic_future,LOG_DIFFERENCE,LOG_DIFFERENCE,contract quotation,Drivers_Assets_Dataset.xlsx,Bloomberg,PX_LAST,Bloomberg market close observation; predictive analyses use the predeclared asset-specific lag,1,"Carry PX_LAST for at most three source rows across local-market closures, then transform on the target asset calendar; declared sentinels and longer outages remain missing",No numeric sentinel declared.,2001-01-01,2023-07-03,5815,0.009538409129620166,0,True,Bloomberg Generic 1st PX_LAST; roll dates are monitored in robustness checks.,True,,Rule-based audit,2026-09-03
Generic 1st 'CO' Future,generic_future,LOG_DIFFERENCE,LOG_DIFFERENCE,contract quotation,Drivers_Assets_Dataset.xlsx,Bloomberg,PX_LAST,Bloomberg market close observation; predictive analyses use the predeclared asset-specific lag,1,"Carry PX_LAST for at most three source rows across local-market closures, then transform on the target asset calendar; declared sentinels and longer outages remain missing",No numeric sentinel declared.,2001-01-01,2023-07-03,5815,0.009538409129620166,0,True,Bloomberg Generic 1st PX_LAST; roll dates are monitored in robustness checks.,True,,Rule-based audit,2026-09-03
Generic 1st 'CT' Future,generic_future,LOG_DIFFERENCE,LOG_DIFFERENCE,contract quotation,Drivers_Assets_Dataset.xlsx,Bloomberg,PX_LAST,Bloomberg market close observation; predictive analyses use the predeclared asset-specific lag,1,"Carry PX_LAST for at most three source rows across local-market closures, then transform on the target asset calendar; declared sentinels and longer outages remain missing",No numeric sentinel declared.,2001-01-01,2023-07-03,5815,0.009538409129620166,310,True,Bloomberg Generic 1st PX_LAST; roll dates are monitored in robustness checks.,True,,Rule-based audit,2026-09-03
Generic 1st 'FN' Future,generic_future,LOG_DIFFERENCE,LOG_DIFFERENCE,contract quotation,Drivers_Assets_Dataset.xlsx,Bloomberg,PX_LAST,Bloomberg market close observation; predictive analyses use the predeclared asset-specific lag,1,"Carry PX_LAST for at most three source rows across local-market closures, then transform on the target asset calendar; declared sentinels and longer outages remain missing",No numeric sentinel declared.,2001-01-01,2023-07-03,5815,0.009538409129620166,0,True,Bloomberg Generic 1st PX_LAST; roll dates are monitored in robustness checks.,True,,Rule-based audit,2026-09-03
Generic 1st 'FV' Future,generic_future,LOG_DIFFERENCE,LOG_DIFFERENCE,contract quotation,Drivers_Assets_Dataset.xlsx,Bloomberg,PX_LAST,Bloomberg market close observation; predictive analyses use the predeclared asset-specific lag,1,"Carry PX_LAST for at most three source rows across local-market closures, then transform on the target asset calendar; declared sentinels and longer outages remain missing",No numeric sentinel declared.,2001-01-01,2023-07-03,5815,0.009538409129620166,0,True,Bloomberg Generic 1st PX_LAST; roll dates are monitored in robustness checks.,True,,Rule-based audit,2026-09-03
Generic 1st 'GX' Future,generic_future,LOG_DIFFERENCE,LOG_DIFFERENCE,contract quotation,Drivers_Assets_Dataset.xlsx,Bloomberg,PX_LAST,Bloomberg market close observation; predictive analyses use the predeclared asset-specific lag,1,"Carry PX_LAST for at most three source rows across local-market closures, then transform on the target asset calendar; declared sentinels and longer outages remain missing",No numeric sentinel declared.,2001-01-01,2023-07-03,5815,0.009538409129620166,0,True,Bloomberg Generic 1st PX_LAST; roll dates are monitored in robustness checks.,True,,Rule-based audit,2026-09-03
Generic 1st 'HG' Future,generic_future,LOG_DIFFERENCE,LOG_DIFFERENCE,contract quotation,Drivers_Assets_Dataset.xlsx,Bloomberg,PX_LAST,Bloomberg market close observation; predictive analyses use the predeclared asset-specific lag,1,"Carry PX_LAST for at most three source rows across local-market closures, then transform on the target asset calendar; declared sentinels and longer outages remain missing",No numeric sentinel declared.,2001-01-01,2023-07-03,5815,0.009538409129620166,0,True,Bloomberg Generic 1st PX_LAST; roll dates are monitored in robustness checks.,True,,Rule-based audit,2026-09-03
Generic 1st 'HO' Future,generic_future,LOG_DIFFERENCE,LOG_DIFFERENCE,contract quotation,Drivers_Assets_Dataset.xlsx,Bloomberg,PX_LAST,Bloomberg market close observation; predictive analyses use the predeclared asset-specific lag,1,"Carry PX_LAST for at most three source rows across local-market closures, then transform on the target asset calendar; declared sentinels and longer outages remain missing",No numeric sentinel declared.,2001-01-01,2023-07-03,5815,0.009538409129620166,0,True,Bloomberg Generic 1st PX_LAST; roll dates are monitored in robustness checks.,True,,Rule-based audit,2026-09-03
Generic 1st 'KC' Future,generic_future,LOG_DIFFERENCE,LOG_DIFFERENCE,contract quotation,Drivers_Assets_Dataset.xlsx,Bloomberg,PX_LAST,Bloomberg market close observation; predictive analyses use the predeclared asset-specific lag,1,"Carry PX_LAST for at most three source rows across local-market closures, then transform on the target asset calendar; declared sentinels and longer outages remain missing",No numeric sentinel declared.,2001-01-01,2023-07-03,5815,0.009538409129620166,0,True,Bloomberg Generic 1st PX_LAST; roll dates are monitored in robustness checks.,True,,Rule-based audit,2026-09-03
Generic 1st 'LC' Future,generic_future,LOG_DIFFERENCE,LOG_DIFFERENCE,contract quotation,Drivers_Assets_Dataset.xlsx,Bloomberg,PX_LAST,Bloomberg market close observation; predictive analyses use the predeclared asset-specific lag,1,"Carry PX_LAST for at most three source rows across local-market closures, then transform on the target asset calendar; declared sentinels and longer outages remain missing",No numeric sentinel declared.,2001-01-01,2023-07-03,5815,0.009538409129620166,0,True,Bloomberg Generic 1st PX_LAST; roll dates are monitored in robustness checks.,True,,Rule-based audit,2026-09-03
Generic 1st 'NG' Future,generic_future,LOG_DIFFERENCE,LOG_DIFFERENCE,contract quotation,Drivers_Assets_Dataset.xlsx,Bloomberg,PX_LAST,Bloomberg market close observation; predictive analyses use the predeclared asset-specific lag,1,"Carry PX_LAST for at most three source rows across local-market closures, then transform on the target asset calendar; declared sentinels and longer outages remain missing",No numeric sentinel declared.,2001-01-01,2023-07-03,5815,0.009538409129620166,0,True,Bloomberg Generic 1st PX_LAST; roll dates are monitored in robustness checks.,True,,Rule-based audit,2026-09-03
Generic 1st 'OE' Future,generic_future,LOG_DIFFERENCE,LOG_DIFFERENCE,contract quotation,Drivers_Assets_Dataset.xlsx,Bloomberg,PX_LAST,Bloomberg market close observation; predictive analyses use the predeclared asset-specific lag,1,"Carry PX_LAST for at most three source rows across local-market closures, then transform on the target asset calendar; declared sentinels and longer outages remain missing",No numeric sentinel declared.,2001-01-01,2023-07-03,5815,0.009538409129620166,0,True,Bloomberg Generic 1st PX_LAST; roll dates are monitored in robustness checks.,True,,Rule-based audit,2026-09-03
Generic 1st 'QS' Future,generic_future,LOG_DIFFERENCE,LOG_DIFFERENCE,contract quotation,Drivers_Assets_Dataset.xlsx,Bloomberg,PX_LAST,Bloomberg market close observation; predictive analyses use the predeclared asset-specific lag,1,"Carry PX_LAST for at most three source rows across local-market closures, then transform on the target asset calendar; declared sentinels and longer outages remain missing",No numeric sentinel declared.,2001-01-01,2023-07-03,5815,0.009538409129620166,0,True,Bloomberg Generic 1st PX_LAST; roll dates are monitored in robustness checks.,True,,Rule-based audit,2026-09-03
Generic 1st 'RX' Future,generic_future,LOG_DIFFERENCE,LOG_DIFFERENCE,contract quotation,Drivers_Assets_Dataset.xlsx,Bloomberg,PX_LAST,Bloomberg market close observation; predictive analyses use the predeclared asset-specific lag,1,"Carry PX_LAST for at most three source rows across local-market closures, then transform on the target asset calendar; declared sentinels and longer outages remain missing",No numeric sentinel declared.,2001-01-01,2023-07-03,5814,0.009708737864077669,0,True,Bloomberg Generic 1st PX_LAST; roll dates are monitored in robustness checks.,True,,Rule-based audit,2026-09-03
Generic 1st 'S ' Future,generic_future,LOG_DIFFERENCE,LOG_DIFFERENCE,contract quotation,Drivers_Assets_Dataset.xlsx,Bloomberg,PX_LAST,Bloomberg market close observation; predictive analyses use the predeclared asset-specific lag,1,"Carry PX_LAST for at most three source rows across local-market closures, then transform on the target asset calendar; declared sentinels and longer outages remain missing",No numeric sentinel declared.,2001-01-01,2023-07-03,5815,0.009538409129620166,2007,True,Bloomberg Generic 1st PX_LAST; roll dates are monitored in robustness checks.,True,,Rule-based audit,2026-09-03
Generic 1st 'SB' Future,generic_future,LOG_DIFFERENCE,LOG_DIFFERENCE,contract quotation,Drivers_Assets_Dataset.xlsx,Bloomberg,PX_LAST,Bloomberg market close observation; predictive analyses use the predeclared asset-specific lag,1,"Carry PX_LAST for at most three source rows across local-market closures, then transform on the target asset calendar; declared sentinels and longer outages remain missing",No numeric sentinel declared.,2001-01-01,2023-07-03,5815,0.009538409129620166,0,True,Bloomberg Generic 1st PX_LAST; roll dates are monitored in robustness checks.,True,,Rule-based audit,2026-09-03
Generic 1st 'TY' Future,generic_future,LOG_DIFFERENCE,LOG_DIFFERENCE,contract quotation,Drivers_Assets_Dataset.xlsx,Bloomberg,PX_LAST,Bloomberg market close observation; predictive analyses use the predeclared asset-specific lag,1,"Carry PX_LAST for at most three source rows across local-market closures, then transform on the target asset calendar; declared sentinels and longer outages remain missing",No numeric sentinel declared.,2001-01-01,2023-07-03,5814,0.009708737864077669,0,True,Bloomberg Generic 1st PX_LAST; roll dates are monitored in robustness checks.,True,,Rule-based audit,2026-09-03
Generic 1st 'US' Future,generic_future,LOG_DIFFERENCE,LOG_DIFFERENCE,contract quotation,Drivers_Assets_Dataset.xlsx,Bloomberg,PX_LAST,Bloomberg market close observation; predictive analyses use the predeclared asset-specific lag,1,"Carry PX_LAST for at most three source rows across local-market closures, then transform on the target asset calendar; declared sentinels and longer outages remain missing",No numeric sentinel declared.,2001-01-01,2023-07-03,5814,0.009708737864077669,0,True,Bloomberg Generic 1st PX_LAST; roll dates are monitored in robustness checks.,True,,Rule-based audit,2026-09-03
Generic 1st 'W ' Future,generic_future,LOG_DIFFERENCE,LOG_DIFFERENCE,contract quotation,Drivers_Assets_Dataset.xlsx,Bloomberg,PX_LAST,Bloomberg market close observation; predictive analyses use the predeclared asset-specific lag,1,"Carry PX_LAST for at most three source rows across local-market closures, then transform on the target asset calendar; declared sentinels and longer outages remain missing",No numeric sentinel declared.,2001-01-01,2023-07-03,5815,0.009538409129620166,0,True,Bloomberg Generic 1st PX_LAST; roll dates are monitored in robustness checks.,True,,Rule-based audit,2026-09-03
Generic 1st 'Z ' Future,generic_future,LOG_DIFFERENCE,LOG_DIFFERENCE,contract quotation,Drivers_Assets_Dataset.xlsx,Bloomberg,PX_LAST,Bloomberg market close observation; predictive analyses use the predeclared asset-specific lag,1,"Carry PX_LAST for at most three source rows across local-market closures, then transform on the target asset calendar; declared sentinels and longer outages remain missing",No numeric sentinel declared.,2001-01-01,2023-07-03,5815,0.009538409129620166,0,True,Bloomberg Generic 1st PX_LAST; roll dates are monitored in robustness checks.,True,,Rule-based audit,2026-09-03
Global Aggregate,bond_or_credit_index,LOG_DIFFERENCE,LOG_DIFFERENCE,index level,Drivers_Assets_Dataset.xlsx,Bloomberg,PX_LAST,Bloomberg market close observation; predictive analyses use the predeclared asset-specific lag,1,"Carry PX_LAST for at most three source rows across local-market closures, then transform on the target asset calendar; declared sentinels and longer outages remain missing",No numeric sentinel declared.,2001-01-01,2023-07-03,5870,0.00017032873445750298,0,True,,True,,Rule-based audit,2026-09-03
Global High Yield,bond_or_credit_index,LOG_DIFFERENCE,LOG_DIFFERENCE,index level,Drivers_Assets_Dataset.xlsx,Bloomberg,PX_LAST,Bloomberg market close observation; predictive analyses use the predeclared asset-specific lag,1,"Carry PX_LAST for at most three source rows across local-market closures, then transform on the target asset calendar; declared sentinels and longer outages remain missing",No numeric sentinel declared.,2001-01-01,2023-07-03,5870,0.00017032873445750298,0,True,,True,,Rule-based audit,2026-09-03
Gold Spot   $/Oz,commodity,LOG_DIFFERENCE,LOG_DIFFERENCE,price or index level,Drivers_Assets_Dataset.xlsx,Bloomberg,PX_LAST,Bloomberg market close observation; predictive analyses use the predeclared asset-specific lag,1,"Carry PX_LAST for at most three source rows across local-market closures, then transform on the target asset calendar; declared sentinels and longer outages remain missing",No numeric sentinel declared.,2001-01-01,2023-07-03,5815,0.009538409129620166,0,True,,True,,Rule-based audit,2026-09-03
Government-Related,bond_or_credit_index,LOG_DIFFERENCE,LOG_DIFFERENCE,index level,Drivers_Assets_Dataset.xlsx,Bloomberg,PX_LAST,Bloomberg market close observation; predictive analyses use the predeclared asset-specific lag,1,"Carry PX_LAST for at most three source rows across local-market closures, then transform on the target asset calendar; declared sentinels and longer outages remain missing",No numeric sentinel declared.,2001-01-01,2023-07-03,5815,0.009538409129620166,0,True,,True,,Rule-based audit,2026-09-03
HANG SENG INDEX,equity_index,LOG_DIFFERENCE,LOG_DIFFERENCE,index level,Drivers_Assets_Dataset.xlsx,Bloomberg,PX_LAST,Bloomberg market close observation; predictive analyses use the predeclared asset-specific lag,1,"Carry PX_LAST for at most three source rows across local-market closures, then transform on the target asset calendar; declared sentinels and longer outages remain missing",No numeric sentinel declared.,2001-01-01,2023-07-03,5815,0.009538409129620166,0,True,,True,,Rule-based audit,2026-09-03
IBEX 35 INDEX,equity_index,LOG_DIFFERENCE,LOG_DIFFERENCE,index level,Drivers_Assets_Dataset.xlsx,Bloomberg,PX_LAST,Bloomberg market close observation; predictive analyses use the predeclared asset-specific lag,1,"Carry PX_LAST for at most three source rows across local-market closures, then transform on the target asset calendar; declared sentinels and longer outages remain missing",No numeric sentinel declared.,2001-01-01,2023-07-03,5815,0.009538409129620166,0,True,,True,,Rule-based audit,2026-09-03
INDIA GOVERNMENT BOND,sovereign_yield,DIFFERENCE,DIFFERENCE,percentage points,Drivers_Assets_Dataset.xlsx,Bloomberg,PX_LAST,Bloomberg market close observation; predictive analyses use the predeclared asset-specific lag,1,"Carry PX_LAST for at most three source rows across local-market closures, then transform on the target asset calendar; declared sentinels and longer outages remain missing",No numeric sentinel declared.,2001-01-01,2023-07-03,5815,0.009538409129620166,0,True,,True,,Rule-based audit,2026-09-03
Indian Rupee Spot,foreign_exchange,LOG_DIFFERENCE,LOG_DIFFERENCE,exchange-rate level,Drivers_Assets_Dataset.xlsx,Bloomberg,PX_LAST,Bloomberg market close observation; predictive analyses use the predeclared asset-specific lag,1,"Carry PX_LAST for at most three source rows across local-market closures, then transform on the target asset calendar; declared sentinels and longer outages remain missing",No numeric sentinel declared.,2001-01-01,2023-07-03,5815,0.009538409129620166,0,True,,True,,Rule-based audit,2026-09-03
Japanese Yen Spot,foreign_exchange,LOG_DIFFERENCE,LOG_DIFFERENCE,exchange-rate level,Drivers_Assets_Dataset.xlsx,Bloomberg,PX_LAST,Bloomberg market close observation; predictive analyses use the predeclared asset-specific lag,1,"Carry PX_LAST for at most three source rows across local-market closures, then transform on the target asset calendar; declared sentinels and longer outages remain missing",No numeric sentinel declared.,2001-01-01,2023-07-03,5815,0.009538409129620166,0,True,,True,,Rule-based audit,2026-09-03
LME ALUMINUM  3MO ($),commodity,LOG_DIFFERENCE,LOG_DIFFERENCE,price or index level,Drivers_Assets_Dataset.xlsx,Bloomberg,PX_LAST,Bloomberg market close observation; predictive analyses use the predeclared asset-specific lag,1,"Carry PX_LAST for at most three source rows across local-market closures, then transform on the target asset calendar; declared sentinels and longer outages remain missing",No numeric sentinel declared.,2001-01-01,2023-07-03,5815,0.009538409129620166,0,True,,True,,Rule-based audit,2026-09-03
LME COPPER    3MO ($),commodity,LOG_DIFFERENCE,LOG_DIFFERENCE,price or index level,Drivers_Assets_Dataset.xlsx,Bloomberg,PX_LAST,Bloomberg market close observation; predictive analyses use the predeclared asset-specific lag,1,"Carry PX_LAST for at most three source rows across local-market closures, then transform on the target asset calendar; declared sentinels and longer outages remain missing",No numeric sentinel declared.,2001-01-01,2023-07-03,5869,0.00034065746891500596,0,True,,True,,Rule-based audit,2026-09-03
LME COPPER   SPOT ($),commodity,LOG_DIFFERENCE,LOG_DIFFERENCE,price or index level,Drivers_Assets_Dataset.xlsx,Bloomberg,PX_LAST,Bloomberg market close observation; predictive analyses use the predeclared asset-specific lag,1,"Carry PX_LAST for at most three source rows across local-market closures, then transform on the target asset calendar; declared sentinels and longer outages remain missing",No numeric sentinel declared.,2001-01-01,2023-07-03,5815,0.009538409129620166,0,True,,True,,Rule-based audit,2026-09-03
MSCI INDIA,equity_index,LOG_DIFFERENCE,LOG_DIFFERENCE,index level,Drivers_Assets_Dataset.xlsx,Bloomberg,PX_LAST,Bloomberg market close observation; predictive analyses use the predeclared asset-specific lag,1,"Carry PX_LAST for at most three source rows across local-market closures, then transform on the target asset calendar; declared sentinels and longer outages remain missing",No numeric sentinel declared.,2001-01-01,2023-07-03,5815,0.009538409129620166,0,True,,True,,Rule-based audit,2026-09-03
Mexican Peso Spot,foreign_exchange,LOG_DIFFERENCE,LOG_DIFFERENCE,exchange-rate level,Drivers_Assets_Dataset.xlsx,Bloomberg,PX_LAST,Bloomberg market close observation; predictive analyses use the predeclared asset-specific lag,1,"Carry PX_LAST for at most three source rows across local-market closures, then transform on the target asset calendar; declared sentinels and longer outages remain missing",No numeric sentinel declared.,2001-01-01,2023-07-03,5815,0.009538409129620166,0,True,,True,,Rule-based audit,2026-09-03
NETHERLANDS GOVERNMENT,sovereign_yield,DIFFERENCE,DIFFERENCE,percentage points,Drivers_Assets_Dataset.xlsx,Bloomberg,PX_LAST,Bloomberg market close observation; predictive analyses use the predeclared asset-specific lag,1,"Carry PX_LAST for at most three source rows across local-market closures, then transform on the target asset calendar; declared sentinels and longer outages remain missing",No numeric sentinel declared.,2001-01-01,2023-07-03,5815,0.009538409129620166,675,True,,True,,Rule-based audit,2026-09-03
NIKKEI 225,equity_index,LOG_DIFFERENCE,LOG_DIFFERENCE,index level,Drivers_Assets_Dataset.xlsx,Bloomberg,PX_LAST,Bloomberg market close observation; predictive analyses use the predeclared asset-specific lag,1,"Carry PX_LAST for at most three source rows across local-market closures, then transform on the target asset calendar; declared sentinels and longer outages remain missing",No numeric sentinel declared.,2001-01-01,2023-07-03,5815,0.009538409129620166,0,True,,True,,Rule-based audit,2026-09-03
NOK-SEK X-RATE,foreign_exchange,LOG_DIFFERENCE,LOG_DIFFERENCE,exchange-rate level,Drivers_Assets_Dataset.xlsx,Bloomberg,PX_LAST,Bloomberg market close observation; predictive analyses use the predeclared asset-specific lag,1,"Carry PX_LAST for at most three source rows across local-market closures, then transform on the target asset calendar; declared sentinels and longer outages remain missing",No numeric sentinel declared.,2001-01-01,2023-07-03,5815,0.009538409129620166,0,True,,True,,Rule-based audit,2026-09-03
New Zealand Dollar Spot,foreign_exchange,LOG_DIFFERENCE,LOG_DIFFERENCE,exchange-rate level,Drivers_Assets_Dataset.xlsx,Bloomberg,PX_LAST,Bloomberg market close observation; predictive analyses use the predeclared asset-specific lag,1,"Carry PX_LAST for at most three source rows across local-market closures, then transform on the target asset calendar; declared sentinels and longer outages remain missing",No numeric sentinel declared.,2001-01-01,2023-07-03,5815,0.009538409129620166,0,True,,True,,Rule-based audit,2026-09-03
Norwegian Krone Spot,foreign_exchange,LOG_DIFFERENCE,LOG_DIFFERENCE,exchange-rate level,Drivers_Assets_Dataset.xlsx,Bloomberg,PX_LAST,Bloomberg market close observation; predictive analyses use the predeclared asset-specific lag,1,"Carry PX_LAST for at most three source rows across local-market closures, then transform on the target asset calendar; declared sentinels and longer outages remain missing",No numeric sentinel declared.,2001-01-01,2023-07-03,5815,0.009538409129620166,0,True,,True,,Rule-based audit,2026-09-03
Pan-European High Yield,bond_or_credit_index,LOG_DIFFERENCE,LOG_DIFFERENCE,index level,Drivers_Assets_Dataset.xlsx,Bloomberg,PX_LAST,Bloomberg market close observation; predictive analyses use the predeclared asset-specific lag,1,"Carry PX_LAST for at most three source rows across local-market closures, then transform on the target asset calendar; declared sentinels and longer outages remain missing",No numeric sentinel declared.,2001-01-01,2023-07-03,5815,0.009538409129620166,0,True,,True,,Rule-based audit,2026-09-03
Polish Zloty Spot,foreign_exchange,LOG_DIFFERENCE,LOG_DIFFERENCE,exchange-rate level,Drivers_Assets_Dataset.xlsx,Bloomberg,PX_LAST,Bloomberg market close observation; predictive analyses use the predeclared asset-specific lag,1,"Carry PX_LAST for at most three source rows across local-market closures, then transform on the target asset calendar; declared sentinels and longer outages remain missing",No numeric sentinel declared.,2001-01-01,2023-07-03,5815,0.009538409129620166,0,True,,True,,Rule-based audit,2026-09-03
RF Global Inflation-Linked,bond_or_credit_index,LOG_DIFFERENCE,LOG_DIFFERENCE,index level,Drivers_Assets_Dataset.xlsx,Bloomberg,PX_LAST,Bloomberg market close observation; predictive analyses use the predeclared asset-specific lag,1,"Carry PX_LAST for at most three source rows across local-market closures, then transform on the target asset calendar; declared sentinels and longer outages remain missing",No numeric sentinel declared.,2001-01-01,2023-07-03,5869,0.00034065746891500596,0,True,,True,,Rule-based audit,2026-09-03
RF Global Treasury,bond_or_credit_index,LOG_DIFFERENCE,LOG_DIFFERENCE,index level,Drivers_Assets_Dataset.xlsx,Bloomberg,PX_LAST,Bloomberg market close observation; predictive analyses use the predeclared asset-specific lag,1,"Carry PX_LAST for at most three source rows across local-market closures, then transform on the target asset calendar; declared sentinels and longer outages remain missing",No numeric sentinel declared.,2001-01-01,2023-07-03,5869,0.00034065746891500596,0,True,,True,,Rule-based audit,2026-09-03
Russian Ruble SPOT (TOM),discontinued_or_truncated_market_series,EXCLUDE,EXCLUDE,source level,Drivers_Assets_Dataset.xlsx,Bloomberg,PX_LAST,Bloomberg market close observation; predictive analyses use the predeclared asset-specific lag,1,"Carry PX_LAST for at most three source rows across local-market closures, then transform on the target asset calendar; declared sentinels and longer outages remain missing",Exact -1 is a missing-value sentinel; no fill.,2001-01-01,2023-07-03,5815,0.009538409129620166,146,False,Series becomes a persistent -1 sentinel after December 2022.,False,Series becomes a persistent -1 sentinel after December 2022.,Rule-based audit,2026-09-03
S&P CoreLogic Case-Shiller 20-,macro_release,EXCLUDE,EXCLUDE,published level,Drivers_Assets_Dataset.xlsx,Bloomberg,PX_LAST,Bloomberg market close observation; predictive analyses use the predeclared asset-specific lag,1,"Carry PX_LAST for at most three source rows across local-market closures, then transform on the target asset calendar; declared sentinels and longer outages remain missing",Exact -1 is a missing-value sentinel; no fill.,2001-01-01,2023-07-03,5815,0.009538409129620166,196,False,Release vintage and publication timestamp are unavailable.,False,Release vintage and publication timestamp are unavailable.,Rule-based audit,2026-09-03
S&P/BMV IPC,equity_index,LOG_DIFFERENCE,LOG_DIFFERENCE,index level,Drivers_Assets_Dataset.xlsx,Bloomberg,PX_LAST,Bloomberg market close observation; predictive analyses use the predeclared asset-specific lag,1,"Carry PX_LAST for at most three source rows across local-market closures, then transform on the target asset calendar; declared sentinels and longer outages remain missing",No numeric sentinel declared.,2001-01-01,2023-07-03,5815,0.009538409129620166,0,True,,True,,Rule-based audit,2026-09-03
S. African Rand Spot,foreign_exchange,LOG_DIFFERENCE,LOG_DIFFERENCE,exchange-rate level,Drivers_Assets_Dataset.xlsx,Bloomberg,PX_LAST,Bloomberg market close observation; predictive analyses use the predeclared asset-specific lag,1,"Carry PX_LAST for at most three source rows across local-market closures, then transform on the target asset calendar; declared sentinels and longer outages remain missing",No numeric sentinel declared.,2001-01-01,2023-07-03,5815,0.009538409129620166,0,True,,True,,Rule-based audit,2026-09-03
Silver Spot  $/Oz,commodity,LOG_DIFFERENCE,LOG_DIFFERENCE,price or index level,Drivers_Assets_Dataset.xlsx,Bloomberg,PX_LAST,Bloomberg market close observation; predictive analyses use the predeclared asset-specific lag,1,"Carry PX_LAST for at most three source rows across local-market closures, then transform on the target asset calendar; declared sentinels and longer outages remain missing",No numeric sentinel declared.,2001-01-01,2023-07-03,5815,0.009538409129620166,0,True,,True,,Rule-based audit,2026-09-03
Singapore Dollar Spot,foreign_exchange,LOG_DIFFERENCE,LOG_DIFFERENCE,exchange-rate level,Drivers_Assets_Dataset.xlsx,Bloomberg,PX_LAST,Bloomberg market close observation; predictive analyses use the predeclared asset-specific lag,1,"Carry PX_LAST for at most three source rows across local-market closures, then transform on the target asset calendar; declared sentinels and longer outages remain missing",No numeric sentinel declared.,2001-01-01,2023-07-03,5815,0.009538409129620166,0,True,,True,,Rule-based audit,2026-09-03
South Korean Won Spot,foreign_exchange,LOG_DIFFERENCE,LOG_DIFFERENCE,exchange-rate level,Drivers_Assets_Dataset.xlsx,Bloomberg,PX_LAST,Bloomberg market close observation; predictive analyses use the predeclared asset-specific lag,1,"Carry PX_LAST for at most three source rows across local-market closures, then transform on the target asset calendar; declared sentinels and longer outages remain missing",No numeric sentinel declared.,2001-01-01,2023-07-03,5815,0.009538409129620166,0,True,,True,,Rule-based audit,2026-09-03
Swedish Krona Spot,foreign_exchange,LOG_DIFFERENCE,LOG_DIFFERENCE,exchange-rate level,Drivers_Assets_Dataset.xlsx,Bloomberg,PX_LAST,Bloomberg market close observation; predictive analyses use the predeclared asset-specific lag,1,"Carry PX_LAST for at most three source rows across local-market closures, then transform on the target asset calendar; declared sentinels and longer outages remain missing",No numeric sentinel declared.,2001-01-01,2023-07-03,5815,0.009538409129620166,0,True,,True,,Rule-based audit,2026-09-03
Swiss Franc Spot,foreign_exchange,LOG_DIFFERENCE,LOG_DIFFERENCE,exchange-rate level,Drivers_Assets_Dataset.xlsx,Bloomberg,PX_LAST,Bloomberg market close observation; predictive analyses use the predeclared asset-specific lag,1,"Carry PX_LAST for at most three source rows across local-market closures, then transform on the target asset calendar; declared sentinels and longer outages remain missing",No numeric sentinel declared.,2001-01-01,2023-07-03,5815,0.009538409129620166,0,True,,True,,Rule-based audit,2026-09-03
TR/CC CRB ER Index,commodity,LOG_DIFFERENCE,LOG_DIFFERENCE,price or index level,Drivers_Assets_Dataset.xlsx,Bloomberg,PX_LAST,Bloomberg market close observation; predictive analyses use the predeclared asset-specific lag,1,"Carry PX_LAST for at most three source rows across local-market closures, then transform on the target asset calendar; declared sentinels and longer outages remain missing",No numeric sentinel declared.,2001-01-01,2023-07-03,5815,0.009538409129620166,0,True,,True,,Rule-based audit,2026-09-03
Treasury,bond_or_credit_index,LOG_DIFFERENCE,LOG_DIFFERENCE,index level,Drivers_Assets_Dataset.xlsx,Bloomberg,PX_LAST,Bloomberg market close observation; predictive analyses use the predeclared asset-specific lag,1,"Carry PX_LAST for at most three source rows across local-market closures, then transform on the target asset calendar; declared sentinels and longer outages remain missing",No numeric sentinel declared.,2001-01-01,2023-07-03,5815,0.009538409129620166,0,True,,True,,Rule-based audit,2026-09-03
Turkish Lira Spot,foreign_exchange,LOG_DIFFERENCE,LOG_DIFFERENCE,exchange-rate level,Drivers_Assets_Dataset.xlsx,Bloomberg,PX_LAST,Bloomberg market close observation; predictive analyses use the predeclared asset-specific lag,1,"Carry PX_LAST for at most three source rows across local-market closures, then transform on the target asset calendar; declared sentinels and longer outages remain missing",No numeric sentinel declared.,2001-01-01,2023-07-03,5815,0.009538409129620166,0,True,,True,,Rule-based audit,2026-09-03
U.S. Aggregate,bond_or_credit_index,LOG_DIFFERENCE,LOG_DIFFERENCE,index level,Drivers_Assets_Dataset.xlsx,Bloomberg,PX_LAST,Bloomberg market close observation; predictive analyses use the predeclared asset-specific lag,1,"Carry PX_LAST for at most three source rows across local-market closures, then transform on the target asset calendar; declared sentinels and longer outages remain missing",No numeric sentinel declared.,2001-01-01,2023-07-03,5815,0.009538409129620166,0,True,,True,,Rule-based audit,2026-09-03
U.S. Corporate High Yield,bond_or_credit_index,LOG_DIFFERENCE,LOG_DIFFERENCE,index level,Drivers_Assets_Dataset.xlsx,Bloomberg,PX_LAST,Bloomberg market close observation; predictive analyses use the predeclared asset-specific lag,1,"Carry PX_LAST for at most three source rows across local-market closures, then transform on the target asset calendar; declared sentinels and longer outages remain missing",No numeric sentinel declared.,2001-01-01,2023-07-03,5815,0.009538409129620166,0,True,,True,,Rule-based audit,2026-09-03
U.S. TIPS,bond_or_credit_index,LOG_DIFFERENCE,LOG_DIFFERENCE,index level,Drivers_Assets_Dataset.xlsx,Bloomberg,PX_LAST,Bloomberg market close observation; predictive analyses use the predeclared asset-specific lag,1,"Carry PX_LAST for at most three source rows across local-market closures, then transform on the target asset calendar; declared sentinels and longer outages remain missing",No numeric sentinel declared.,2001-01-01,2023-07-03,5869,0.00034065746891500596,0,True,,True,,Rule-based audit,2026-09-03
U.S. Treasury,bond_or_credit_index,LOG_DIFFERENCE,LOG_DIFFERENCE,index level,Drivers_Assets_Dataset.xlsx,Bloomberg,PX_LAST,Bloomberg market close observation; predictive analyses use the predeclared asset-specific lag,1,"Carry PX_LAST for at most three source rows across local-market closures, then transform on the target asset calendar; declared sentinels and longer outages remain missing",No numeric sentinel declared.,2001-01-01,2023-07-03,5815,0.009538409129620166,0,True,,True,,Rule-based audit,2026-09-03
UK Gilts 10 Yr,sovereign_yield,DIFFERENCE,DIFFERENCE,percentage points,Drivers_Assets_Dataset.xlsx,Bloomberg,PX_LAST,Bloomberg market close observation; predictive analyses use the predeclared asset-specific lag,1,"Carry PX_LAST for at most three source rows across local-market closures, then transform on the target asset calendar; declared sentinels and longer outages remain missing",No numeric sentinel declared.,2001-01-01,2023-07-03,5815,0.009538409129620166,0,True,,True,,Rule-based audit,2026-09-03
UK Gilts 30 Year,sovereign_yield,DIFFERENCE,DIFFERENCE,percentage points,Drivers_Assets_Dataset.xlsx,Bloomberg,PX_LAST,Bloomberg market close observation; predictive analyses use the predeclared asset-specific lag,1,"Carry PX_LAST for at most three source rows across local-market closures, then transform on the target asset calendar; declared sentinels and longer outages remain missing",No numeric sentinel declared.,2001-01-01,2023-07-03,5815,0.009538409129620166,0,True,,True,,Rule-based audit,2026-09-03
UK Gilts 5 Year,sovereign_yield,DIFFERENCE,DIFFERENCE,percentage points,Drivers_Assets_Dataset.xlsx,Bloomberg,PX_LAST,Bloomberg market close observation; predictive analyses use the predeclared asset-specific lag,1,"Carry PX_LAST for at most three source rows across local-market closures, then transform on the target asset calendar; declared sentinels and longer outages remain missing",No numeric sentinel declared.,2001-01-01,2023-07-03,5815,0.009538409129620166,148,True,,True,,Rule-based audit,2026-09-03
US Generic Govt 10 Yr,sovereign_yield,DIFFERENCE,DIFFERENCE,percentage points,Drivers_Assets_Dataset.xlsx,Bloomberg,PX_LAST,Bloomberg market close observation; predictive analyses use the predeclared asset-specific lag,1,"Carry PX_LAST for at most three source rows across local-market closures, then transform on the target asset calendar; declared sentinels and longer outages remain missing",No numeric sentinel declared.,2001-01-01,2023-07-03,5815,0.009538409129620166,0,True,,True,,Rule-based audit,2026-09-03
US Generic Govt 2 Yr,sovereign_yield,DIFFERENCE,DIFFERENCE,percentage points,Drivers_Assets_Dataset.xlsx,Bloomberg,PX_LAST,Bloomberg market close observation; predictive analyses use the predeclared asset-specific lag,1,"Carry PX_LAST for at most three source rows across local-market closures, then transform on the target asset calendar; declared sentinels and longer outages remain missing",No numeric sentinel declared.,2001-01-01,2023-07-03,5815,0.009538409129620166,0,True,,True,,Rule-based audit,2026-09-03
US Generic Govt 5 Yr,sovereign_yield,DIFFERENCE,DIFFERENCE,percentage points,Drivers_Assets_Dataset.xlsx,Bloomberg,PX_LAST,Bloomberg market close observation; predictive analyses use the predeclared asset-specific lag,1,"Carry PX_LAST for at most three source rows across local-market closures, then transform on the target asset calendar; declared sentinels and longer outages remain missing",No numeric sentinel declared.,2001-01-01,2023-07-03,5815,0.009538409129620166,0,True,,True,,Rule-based audit,2026-09-03
US Initial Jobless Claims SA,macro_release,EXCLUDE,EXCLUDE,published level,Drivers_Assets_Dataset.xlsx,Bloomberg,PX_LAST,Bloomberg market close observation; predictive analyses use the predeclared asset-specific lag,1,"Carry PX_LAST for at most three source rows across local-market closures, then transform on the target asset calendar; declared sentinels and longer outages remain missing",No numeric sentinel declared.,2001-01-01,2023-07-03,5815,0.009538409129620166,0,False,Release vintage and publication timestamp are unavailable.,False,Release vintage and publication timestamp are unavailable.,Rule-based audit,2026-09-03
USD-CAD X-RATE,foreign_exchange,LOG_DIFFERENCE,LOG_DIFFERENCE,exchange-rate level,Drivers_Assets_Dataset.xlsx,Bloomberg,PX_LAST,Bloomberg market close observation; predictive analyses use the predeclared asset-specific lag,1,"Carry PX_LAST for at most three source rows across local-market closures, then transform on the target asset calendar; declared sentinels and longer outages remain missing",No numeric sentinel declared.,2001-01-01,2023-07-03,5815,0.009538409129620166,0,True,,True,,Rule-based audit,2026-09-03
USD-CHF X-RATE,foreign_exchange,LOG_DIFFERENCE,LOG_DIFFERENCE,exchange-rate level,Drivers_Assets_Dataset.xlsx,Bloomberg,PX_LAST,Bloomberg market close observation; predictive analyses use the predeclared asset-specific lag,1,"Carry PX_LAST for at most three source rows across local-market closures, then transform on the target asset calendar; declared sentinels and longer outages remain missing",No numeric sentinel declared.,2001-01-01,2023-07-03,5815,0.009538409129620166,0,True,,True,,Rule-based audit,2026-09-03
USD-CLP RR 25D 3M,option_risk_reversal,DIFFERENCE,DIFFERENCE,volatility points,Drivers_Assets_Dataset.xlsx,Bloomberg,PX_LAST,Bloomberg market close observation; predictive analyses use the predeclared asset-specific lag,1,"Carry PX_LAST for at most three source rows across local-market closures, then transform on the target asset calendar; declared sentinels and longer outages remain missing",Exact -1 is a missing-value sentinel; no fill.,2001-01-01,2023-07-03,5815,0.009538409129620166,237,True,,True,,Rule-based audit,2026-09-03
USD-GBP X-RATE,foreign_exchange,LOG_DIFFERENCE,LOG_DIFFERENCE,exchange-rate level,Drivers_Assets_Dataset.xlsx,Bloomberg,PX_LAST,Bloomberg market close observation; predictive analyses use the predeclared asset-specific lag,1,"Carry PX_LAST for at most three source rows across local-market closures, then transform on the target asset calendar; declared sentinels and longer outages remain missing",No numeric sentinel declared.,2001-01-01,2023-07-03,5815,0.009538409129620166,0,True,,True,,Rule-based audit,2026-09-03
USD-JPY X-RATE,foreign_exchange,LOG_DIFFERENCE,LOG_DIFFERENCE,exchange-rate level,Drivers_Assets_Dataset.xlsx,Bloomberg,PX_LAST,Bloomberg market close observation; predictive analyses use the predeclared asset-specific lag,1,"Carry PX_LAST for at most three source rows across local-market closures, then transform on the target asset calendar; declared sentinels and longer outages remain missing",No numeric sentinel declared.,2001-01-01,2023-07-03,5815,0.009538409129620166,0,True,,True,,Rule-based audit,2026-09-03
