panel,horizon_sessions,fold,train_start,train_end,test_start,test_end,selected_count,selected_drivers,baseline_s_f,baseline_s_inf,baseline_effective_rank,selected_s_f,selected_s_inf,selected_effective_rank,delta_s_f,relative_reduction_s_f
equities_150,1,0,2010-07-06,2012-09-18,2012-09-19,2013-03-25,4,Cboe Volatility Index | DAX INDEX | S&P/BMV IPC | Brazilian Real Spot,0.2879882795907594,0.7630718346110187,37.023098148770615,0.1952729471845441,0.7135017635918923,47.4301138434703,-0.0927153324062153,0.3219413392029938
equities_150,1,1,2011-03-18,2013-03-25,2013-03-26,2013-09-23,5,Cboe Volatility Index | DAX INDEX | S&P/BMV IPC | Brazilian Real Spot | Pan-European High Yield,0.3629418576499948,0.8399743334312394,29.76141066005424,0.1913482682826386,0.7967964715700713,48.36303704663771,-0.1715935893673562,0.4727853394436347
equities_150,1,2,2011-09-20,2013-09-23,2013-09-24,2014-03-25,4,Cboe Volatility Index | DAX INDEX | S&P/BMV IPC | Brazilian Real Spot,0.330715856225764,0.8265546608029362,34.565670527950004,0.1721019744669886,0.7395168474689743,51.56882065406046,-0.1586138817587753,0.4796077320541207
equities_150,1,3,2012-03-21,2014-03-25,2014-03-26,2014-09-25,3,Cboe Volatility Index | DAX INDEX | S&P/BMV IPC,0.2978123780771149,0.8933861350426682,33.54274644945038,0.1814307131423397,0.9003084319173896,47.54981173424993,-0.1163816649347752,0.3907885417195103
equities_150,1,4,2012-09-19,2014-09-25,2014-09-26,2015-03-30,2,Cboe Volatility Index | DAX INDEX,0.3640828151211216,0.890725711380652,28.06679912319201,0.1790151188511055,0.8703736937227722,44.24408414734063,-0.185067696270016,0.5083120888538737
equities_150,1,5,2013-03-26,2015-03-30,2015-03-31,2015-09-29,3,Cboe Volatility Index | Generic 1st 'GX' Future | S&P/BMV IPC,0.4515042316210572,0.919545984614345,22.07058512536132,0.21681562517247,0.8705377196689267,37.81722883639145,-0.2346886064485871,0.5197927062742544
equities_150,1,6,2013-09-24,2015-09-29,2015-09-30,2016-04-04,2,Cboe Volatility Index | S&P/BMV IPC,0.3840768667402856,0.9396679774308,23.284734602339,0.1946720114327401,0.8965142864681002,35.69859846300079,-0.1894048553075455,0.4931430963677952
equities_150,1,7,2014-03-26,2016-04-04,2016-04-05,2016-10-04,3,Cboe Volatility Index | S&P/BMV IPC | CAD-JPY X-RATE,0.36613913876387,0.9340950834247584,24.617905186249427,0.2036791226625784,0.9075731211022852,38.2926125037028,-0.1624600161012915,0.4437111439377287
equities_150,1,8,2014-09-26,2016-10-04,2016-10-05,2017-04-05,2,Cboe Volatility Index | Generic 1st 'Z ' Future,0.2180865089264273,0.8914463509487393,38.05406663352339,0.1931067016422781,0.8994578322904457,42.43883903112594,-0.0249798072841492,0.1145408187196774
equities_150,1,9,2015-03-31,2017-04-05,2017-04-06,2017-10-06,3,Cboe Volatility Index | Generic 1st 'Z ' Future | AUD-JPY X-RATE,0.2088885954673102,0.8800461017482566,40.65388823504963,0.1775074821119894,0.8128213403859765,46.20936297110587,-0.0313811133553208,0.1502289451710722
equities_150,1,10,2015-09-30,2017-10-06,2017-10-09,2018-04-10,3,Cboe Volatility Index | Generic 1st 'Z ' Future | EUR-GBP X-RATE,0.3401898067238346,0.8764675809672567,31.34449402592629,0.2024871038272347,0.8678313038366547,45.13776854557857,-0.1377027028965999,0.4047819781043195
equities_150,1,11,2016-04-05,2018-04-10,2018-04-11,2018-10-08,2,Cboe Volatility Index | AUD-JPY X-RATE,0.2056374642611388,0.909337779969297,45.00096370943702,0.1521814877964908,0.9127213626716651,51.1091488419742,-0.053455976464648,0.2599525171967903
equities_150,1,12,2016-10-05,2018-10-08,2018-10-09,2019-04-10,2,Cboe Volatility Index | AUD-JPY X-RATE,0.3985368663143575,0.909767244260912,23.14897053506103,0.248564073284297,0.9081943067332456,39.66875112002452,-0.1499727930300604,0.3763084565224766
equities_150,1,13,2017-04-06,2019-04-10,2019-04-11,2019-10-10,2,Cboe Volatility Index | AUD-JPY X-RATE,0.3415144582776965,0.9062183287781626,28.5332425295257,0.1847681233697887,0.8262311178882505,45.4308995064121,-0.1567463349079078,0.458974228202228
equities_150,1,14,2017-10-09,2019-10-10,2019-10-11,2020-04-13,2,Cboe Volatility Index | AUD-JPY X-RATE,0.61450757698705,0.9623543346066358,8.029752506314722,0.5228815419065794,0.9597068090405774,11.473159031139067,-0.0916260350804706,0.1491048093006695
equities_150,1,15,2018-04-11,2020-04-13,2020-04-14,2020-10-09,5,BRAZIL IBOVESPA INDEX | Cboe Volatility Index | Generic 1st 'Z ' Future | U.S. Corporate High Yield | US Generic Govt 10 Yr,0.4394392725417993,0.9363586797869624,14.874108760743518,0.2532582496241742,0.9043028534978164,28.91903991716839,-0.1861810229176251,0.4236786162527511
equities_150,1,16,2018-10-09,2020-10-09,2020-10-12,2021-04-16,5,BRAZIL IBOVESPA INDEX | Cboe Volatility Index | Generic 1st 'Z ' Future | U.S. Corporate High Yield | US Generic Govt 10 Yr,0.3011215772205295,0.8835090299596032,25.56657212410448,0.2300312344487388,0.8422426718509651,34.27257258639546,-0.0710903427717906,0.2360851833600981
equities_150,1,17,2019-04-11,2021-04-16,2021-04-19,2021-10-15,3,BRAZIL IBOVESPA INDEX | Generic 1st 'Z ' Future | Cboe Volatility Index,0.3077855684195733,0.9296944785463692,26.68943198635355,0.2674344072666359,0.909398748154706,34.68413989681998,-0.0403511611529374,0.1311015372167505
equities_150,1,18,2019-10-11,2021-10-15,2021-10-18,2022-04-19,3,BRAZIL IBOVESPA INDEX | Generic 1st 'Z ' Future | Cboe Volatility Index,0.3367109559498035,0.9448540684425328,23.715442980023337,0.2569727843808487,0.9202427703108934,32.55584986058337,-0.0797381715689548,0.2368149006141696
equities_150,1,19,2020-04-14,2022-04-19,2022-04-20,2022-10-20,3,Cboe Volatility Index | IBEX 35 INDEX | S&P/BMV IPC,0.4969222107108784,0.9329268864531036,14.67953797380128,0.3073670795343129,0.9226180881260074,30.182576132645337,-0.1895551311765655,0.3814583592578706
equities_150,1,20,2020-10-12,2022-10-20,2022-10-21,2023-04-24,3,Cboe Volatility Index | U.S. Corporate High Yield | IBEX 35 INDEX,0.3793937186677973,0.9105965348231982,23.13693770937016,0.3230818216566828,0.9128559451343076,29.37536812607464,-0.0563118970111145,0.1484260129789392
equities_150,5,0,2010-07-13,2012-10-11,2012-10-18,2013-04-24,3,FTSE 100 INDEX | S&P/BMV IPC | Cboe Volatility Index,0.3408444725586253,0.869082785416782,14.77840500021494,0.2522246404109122,0.8729848260780018,18.70450892708512,-0.088619832147713,0.2600007900449975
equities_150,5,1,2011-03-31,2013-04-24,2013-05-01,2013-10-28,4,FTSE 100 INDEX | S&P/BMV IPC | Cboe Volatility Index | Generic 1st 'GX' Future,0.381637002058383,0.9271661253986412,14.76258825750092,0.2355777464245276,0.911911314660647,19.314430958280788,-0.1460592556338554,0.3827177523302921
equities_150,5,2,2011-10-07,2013-10-28,2013-11-04,2014-05-08,3,DAX INDEX | S&P/BMV IPC | Cboe Volatility Index,0.302384560011841,0.8737169833579824,17.165239627997774,0.2559773668496606,0.8757150197864941,18.34044764063977,-0.0464071931621803,0.1534707762868684
equities_150,5,3,2012-04-16,2014-05-08,2014-05-15,2014-11-11,2,DAX INDEX | Cboe Volatility Index,0.3721197491236025,0.8993873514791785,13.223684100213855,0.2388040821989108,0.8951935896300021,17.5731903858986,-0.1333156669246916,0.3582601225510604
equities_150,5,4,2012-10-18,2014-11-11,2014-11-18,2015-05-21,2,Cboe Volatility Index | Generic 1st 'GX' Future,0.3333599403896788,0.9096508911105508,14.99304782971824,0.2575585883505339,0.8577388910779522,16.23480113199487,-0.0758013520391449,0.2273859059086026
equities_150,5,5,2013-05-01,2015-05-21,2015-05-29,2015-11-27,1,Cboe Volatility Index,0.5264611365469994,0.9643897868496129,9.760134799093942,0.2470914881198778,0.92705198843145,16.730101899248552,-0.2793696484271216,0.5306557864070962
equities_150,5,6,2013-11-04,2015-11-27,2015-12-04,2016-06-08,1,Cboe Volatility Index,0.4750231279848694,0.960091153781484,9.087113511340336,0.2923589108728375,0.935662284571134,12.77078502795368,-0.1826642171120319,0.3845375232295009
equities_150,5,7,2014-05-15,2016-06-08,2016-06-15,2016-12-13,2,Cboe Volatility Index | CAD-JPY X-RATE,0.3150338726579246,0.9518596638279224,13.809042986201028,0.2912806734438383,0.9608400518389416,15.443837046291923,-0.0237531992140862,0.0753988738216679
equities_150,5,8,2014-11-18,2016-12-13,2016-12-20,2017-06-23,3,Cboe Volatility Index | Pan-European High Yield | U.S. Treasury,0.2741814621838155,0.8714787320697148,16.381060702613173,0.2380864117780745,0.8995827002860144,18.02872115032339,-0.036095050405741,0.13164657492979
equities_150,5,9,2015-05-29,2017-06-23,2017-06-30,2017-12-28,3,Cboe Volatility Index | Pan-European High Yield | U.S. Treasury,0.2426385257916832,0.917518094866458,17.038025487655503,0.2633560807706077,0.9192920230428578,16.950406457706165,0.0207175549789244,-0.0853844413673675
equities_150,5,10,2015-12-04,2017-12-28,2018-01-05,2018-07-06,3,Cboe Volatility Index | Pan-European High Yield | U.S. Treasury,0.3799162113917682,0.942438219719471,13.666979972731363,0.2397685454354371,0.9175495087571244,19.17849582299088,-0.140147665956331,0.3688909863649152
equities_150,5,11,2016-06-15,2018-07-06,2018-07-13,2019-01-11,3,Cboe Volatility Index | Generic 1st 'FV' Future | Global High Yield,0.3791061960133087,0.9527153060148256,13.136905616244746,0.2769748114714651,0.9665843848209398,17.140459550817127,-0.1021313845418435,0.269400462498002
equities_150,5,12,2016-12-20,2019-01-11,2019-01-18,2019-07-22,2,Cboe Volatility Index | NIKKEI 225,0.2899633757997092,0.960341661124858,17.493552479502892,0.246536192210319,0.9486212258407908,19.059039925739302,-0.0434271835893902,0.1497678231591128
equities_150,5,13,2017-06-30,2019-07-22,2019-07-29,2020-01-27,2,Cboe Volatility Index | NIKKEI 225,0.3799416158497403,0.9386241613553922,12.162029041092971,0.2719448898703154,0.877275167125525,17.207100576811325,-0.1079967259794248,0.284245582674301
equities_150,5,14,2018-01-05,2020-01-27,2020-02-03,2020-07-31,2,Cboe Volatility Index | NIKKEI 225,0.5296916818861425,0.9682373065017568,5.765145705827878,0.4091440709578386,0.9671762581564612,8.006493560885332,-0.1205476109283038,0.227580713555958
equities_150,5,15,2018-07-13,2020-07-31,2020-08-07,2021-02-10,6,Generic 1st 'Z ' Future | British Pound Spot | U.S. Corporate High Yield | Cboe Volatility Index | USD-CLP RR 25D 3M | U.S. TIPS,0.3394291283500189,0.9268031270360746,13.14710114421084,0.266282119783583,0.8917792651988729,16.174045262321187,-0.0731470085664359,0.2155000925289087
equities_150,5,16,2019-01-18,2021-02-10,2021-02-18,2021-08-18,5,Generic 1st 'Z ' Future | British Pound Spot | U.S. Corporate High Yield | Cboe Volatility Index | Pan-European High Yield,0.3100914673417436,0.9403342560296772,14.2114327804295,0.2677926023506101,0.8925583648064702,16.91350770570849,-0.0422988649911334,0.1364077036809174
equities_150,5,17,2019-07-29,2021-08-18,2021-08-25,2022-02-24,5,Generic 1st 'Z ' Future | British Pound Spot | Cboe Volatility Index | U.S. Corporate High Yield | Pan-European High Yield,0.3793983999548279,0.9362595621587356,12.565887298545425,0.2479271395818907,0.9031336416208492,16.150392424593882,-0.1314712603729372,0.3465256057711114
equities_150,5,18,2020-02-03,2022-02-24,2022-03-03,2022-09-02,4,Generic 1st 'Z ' Future | U.S. Corporate High Yield | Cboe Volatility Index | Pan-European High Yield,0.497440411602265,0.960894474289366,9.275905711982077,0.287957934371869,0.9380305248328192,14.063730577601916,-0.209482477230396,0.421120746011867
equities_150,5,19,2020-08-07,2022-09-02,2022-09-12,2023-03-13,4,Generic 1st 'CF' Future | Cboe Volatility Index | U.S. Corporate High Yield | IBEX 35 INDEX,0.4706007025082446,0.9404202797568296,9.158139853506803,0.2614002327789858,0.8984101199456239,17.535407163084724,-0.2092004697292587,0.4445392210726538
