fold,train_start,train_end,test_start,test_end,selected_count,selected_drivers,baseline_s_f,baseline_s_inf,baseline_effective_rank,selected_s_f,selected_s_inf,selected_effective_rank,delta_s_f,relative_reduction_s_f,state_s_f,state_s_inf,state_effective_rank,state_delta_vs_constant_s_f,state_threshold,panel,assets,observations
0,2010-07-06,2012-09-18,2012-09-19,2013-03-25,4,Cboe Volatility Index | DAX INDEX | S&P/BMV IPC | Brazilian Real Spot,0.2879882795907594,0.7630718346110187,37.023098148770615,0.1952729471845441,0.7135017635918923,47.4301138434703,-0.0927153324062153,0.3219413392029938,0.161217109803348,0.6960870342662746,49.80579879756578,-0.034055837381196,19.86,equities_150,150,3196
1,2011-03-18,2013-03-25,2013-03-26,2013-09-23,5,Cboe Volatility Index | DAX INDEX | S&P/BMV IPC | Brazilian Real Spot | Pan-European High Yield,0.3629418576499948,0.8399743334312394,29.76141066005424,0.1913482682826386,0.7967964715700713,48.36303704663771,-0.1715935893673562,0.4727853394436347,0.1755338995110156,0.800545829872006,49.734198177199815,-0.015814368771623,17.994999999999997,equities_150,150,3196
2,2011-09-20,2013-09-23,2013-09-24,2014-03-25,4,Cboe Volatility Index | DAX INDEX | S&P/BMV IPC | Brazilian Real Spot,0.330715856225764,0.8265546608029362,34.565670527950004,0.1721019744669886,0.7395168474689743,51.56882065406046,-0.1586138817587753,0.4796077320541207,0.1539994313563219,0.6662142745529837,53.72448263057366,-0.0181025431106666,16.61,equities_150,150,3196
3,2012-03-21,2014-03-25,2014-03-26,2014-09-25,3,Cboe Volatility Index | DAX INDEX | S&P/BMV IPC,0.2978123780771149,0.8933861350426682,33.54274644945038,0.1814307131423397,0.9003084319173896,47.54981173424993,-0.1163816649347752,0.3907885417195103,0.1702954835389471,0.9019717909263322,48.50800506159151,-0.0111352296033925,15.075,equities_150,150,3196
4,2012-09-19,2014-09-25,2014-09-26,2015-03-30,2,Cboe Volatility Index | DAX INDEX,0.3640828151211216,0.890725711380652,28.06679912319201,0.1790151188511055,0.8703736937227722,44.24408414734063,-0.185067696270016,0.5083120888538737,0.1766079569551695,0.8692828032285105,44.50071073067024,-0.002407161895936,13.82,equities_150,150,3196
5,2013-03-26,2015-03-30,2015-03-31,2015-09-29,3,Cboe Volatility Index | Generic 1st 'GX' Future | S&P/BMV IPC,0.4515042316210572,0.919545984614345,22.07058512536132,0.21681562517247,0.8705377196689267,37.81722883639145,-0.2346886064485871,0.5197927062742544,0.2136584572971382,0.8676387031083568,38.22664311085385,-0.0031571678753317,13.97,equities_150,150,3196
6,2013-09-24,2015-09-29,2015-09-30,2016-04-04,2,Cboe Volatility Index | S&P/BMV IPC,0.3840768667402856,0.9396679774308,23.284734602339,0.1946720114327401,0.8965142864681002,35.69859846300079,-0.1894048553075455,0.4931430963677952,0.1925554063243852,0.8949866862901809,35.74671368675805,-0.0021166051083549,13.925,equities_150,150,3196
7,2014-03-26,2016-04-04,2016-04-05,2016-10-04,3,Cboe Volatility Index | S&P/BMV IPC | CAD-JPY X-RATE,0.36613913876387,0.9340950834247584,24.617905186249427,0.2036791226625784,0.9075731211022852,38.2926125037028,-0.1624600161012915,0.4437111439377287,0.1977657904259394,0.905555896544991,38.505733300012125,-0.0059133322366389,14.72,equities_150,150,3196
8,2014-09-26,2016-10-04,2016-10-05,2017-04-05,2,Cboe Volatility Index | Generic 1st 'Z ' Future,0.2180865089264273,0.8914463509487393,38.05406663352339,0.1931067016422781,0.8994578322904457,42.43883903112594,-0.0249798072841492,0.1145408187196774,0.1923609786765407,0.8963206655425806,42.35151957843808,-0.0007457229657373,15.14,equities_150,150,3196
9,2015-03-31,2017-04-05,2017-04-06,2017-10-06,3,Cboe Volatility Index | Generic 1st 'Z ' Future | AUD-JPY X-RATE,0.2088885954673102,0.8800461017482566,40.65388823504963,0.1775074821119894,0.8128213403859765,46.20936297110587,-0.0313811133553208,0.1502289451710722,0.1679918603486703,0.8145324292727155,46.72801856107039,-0.009515621763319,14.08,equities_150,150,3196
10,2015-09-30,2017-10-06,2017-10-09,2018-04-10,3,Cboe Volatility Index | Generic 1st 'Z ' Future | EUR-GBP X-RATE,0.3401898067238346,0.8764675809672567,31.34449402592629,0.2024871038272347,0.8678313038366547,45.13776854557857,-0.1377027028965999,0.4047819781043195,0.1961294907847272,0.8680302016422539,45.52910678906585,-0.0063576130425074,13.35,equities_150,150,3196
11,2016-04-05,2018-04-10,2018-04-11,2018-10-08,2,Cboe Volatility Index | AUD-JPY X-RATE,0.2056374642611388,0.909337779969297,45.00096370943702,0.1521814877964908,0.9127213626716651,51.1091488419742,-0.053455976464648,0.2599525171967903,0.1540551202638085,0.91078843904816,50.7956580288649,0.0018736324673177,12.13,equities_150,150,3196
12,2016-10-05,2018-10-08,2018-10-09,2019-04-10,2,Cboe Volatility Index | AUD-JPY X-RATE,0.3985368663143575,0.909767244260912,23.14897053506103,0.248564073284297,0.9081943067332456,39.66875112002452,-0.1499727930300604,0.3763084565224766,0.2413723151148914,0.9059562430607812,40.23771540734568,-0.0071917581694056,12.12,equities_150,150,3196
13,2017-04-06,2019-04-10,2019-04-11,2019-10-10,2,Cboe Volatility Index | AUD-JPY X-RATE,0.3415144582776965,0.9062183287781626,28.5332425295257,0.1847681233697887,0.8262311178882505,45.4308995064121,-0.1567463349079078,0.458974228202228,0.1828726781013999,0.828736471470745,45.73008657782604,-0.0018954452683887,13.145,equities_150,150,3196
14,2017-10-09,2019-10-10,2019-10-11,2020-04-13,2,Cboe Volatility Index | AUD-JPY X-RATE,0.61450757698705,0.9623543346066358,8.029752506314722,0.5228815419065794,0.9597068090405774,11.473159031139067,-0.0916260350804706,0.1491048093006695,0.5089608739624066,0.9603151454296388,12.13499048177554,-0.0139206679441727,14.835,equities_150,150,3196
15,2018-04-11,2020-04-13,2020-04-14,2020-10-09,5,BRAZIL IBOVESPA INDEX | Cboe Volatility Index | Generic 1st 'Z ' Future | U.S. Corporate High Yield | US Generic Govt 10 Yr,0.4394392725417993,0.9363586797869624,14.874108760743518,0.2532582496241742,0.9043028534978164,28.91903991716839,-0.1861810229176251,0.4236786162527511,0.2556877773928934,0.9065658069193664,28.85666790784281,0.0024295277687192,14.98,equities_150,150,3196
16,2018-10-09,2020-10-09,2020-10-12,2021-04-16,5,BRAZIL IBOVESPA INDEX | Cboe Volatility Index | Generic 1st 'Z ' Future | U.S. Corporate High Yield | US Generic Govt 10 Yr,0.3011215772205295,0.8835090299596032,25.56657212410448,0.2300312344487388,0.8422426718509651,34.27257258639546,-0.0710903427717906,0.2360851833600981,0.2379744911035095,0.8479178463461366,33.04768303881477,0.0079432566547706,18.065,equities_150,150,3196
17,2019-04-11,2021-04-16,2021-04-19,2021-10-15,3,BRAZIL IBOVESPA INDEX | Generic 1st 'Z ' Future | Cboe Volatility Index,0.3077855684195733,0.9296944785463692,26.68943198635355,0.2674344072666359,0.909398748154706,34.68413989681998,-0.0403511611529374,0.1311015372167505,0.2185529075622708,0.9027598343070456,37.95021115635567,-0.048881499704365,21.31,equities_150,150,3196
18,2019-10-11,2021-10-15,2021-10-18,2022-04-19,3,BRAZIL IBOVESPA INDEX | Generic 1st 'Z ' Future | Cboe Volatility Index,0.3367109559498035,0.9448540684425328,23.715442980023337,0.2569727843808487,0.9202427703108934,32.55584986058337,-0.0797381715689548,0.2368149006141696,0.2482113169630639,0.9158547049270692,33.29296824379193,-0.0087614674177847,21.58,equities_150,150,3196
19,2020-04-14,2022-04-19,2022-04-20,2022-10-20,3,Cboe Volatility Index | IBEX 35 INDEX | S&P/BMV IPC,0.4969222107108784,0.9329268864531036,14.67953797380128,0.3073670795343129,0.9226180881260074,30.182576132645337,-0.1895551311765655,0.3814583592578706,0.3007303989398219,0.9201085210881376,30.623718990396085,-0.006636680594491,22.21,equities_150,150,3196
20,2020-10-12,2022-10-20,2022-10-21,2023-04-24,3,Cboe Volatility Index | U.S. Corporate High Yield | IBEX 35 INDEX,0.3793937186677973,0.9105965348231982,23.13693770937016,0.3230818216566828,0.9128559451343076,29.37536812607464,-0.0563118970111145,0.1484260129789392,0.3183078184674228,0.9111837438373565,29.77539729105166,-0.00477400318926,21.92,equities_150,150,3196
0,2001-02-28,2011-04-30,2011-05-31,2012-04-30,6,Global High Yield | NIKKEI 225 | BBG Commodity | FTSE 100 INDEX | Generic 1st 'Z ' Future | USD-GBP X-RATE,0.8743308326441891,0.992864446546584,1.5781793037259535,0.4514749773382294,0.9426157751638486,5.6875920594645,-0.4228558553059596,0.4836336996456372,0.4230545711156781,0.909960717940303,5.664034142150728,-0.0284204062225513,20.72,barclays_17,17,269
1,2002-02-28,2012-04-30,2012-05-31,2013-04-30,6,HANG SENG INDEX | Global High Yield | NIKKEI 225 | GERMANY GOVT BND 10 YR DBR | Silver Spot  $/Oz | EUR SWAP ANN (VS 6M) 30Y,0.7434887709702293,0.9879459354294244,2.260456995501979,0.6212386012939186,0.9587008664635508,3.755393343828712,-0.1222501696763106,0.1644277283660626,0.6520673220290083,0.9822948752492708,3.624915192730695,0.0308287207350896,19.48,barclays_17,17,269
2,2003-02-28,2013-04-30,2013-05-31,2014-04-30,6,FTSE 100 INDEX | BRAZIL IBOVESPA INDEX | Pan-European High Yield | Silver Spot  $/Oz | NIKKEI 225 | EM USD Aggregate,0.6774950718937495,0.9554302046669522,2.8097861405531424,0.5789501941733438,0.9576868708180384,3.153140952578096,-0.0985448777204056,0.1454547520839536,0.5980689478469406,0.9683402770868548,3.1225350294284264,0.0191187536735968,17.915,barclays_17,17,269
3,2004-02-29,2014-04-30,2014-05-31,2015-04-30,5,FTSE 100 INDEX | Pan-European High Yield | Silver Spot  $/Oz | NIKKEI 225 | GERMANY GOVT BND 2 YR BKO,0.5712631109272562,0.957235587720696,3.4671875702680865,0.4951480054960783,0.932339242798774,3.9835143146258583,-0.0761151054311779,0.1332400149339772,0.474256952878606,0.9202306289663992,4.12694038570324,-0.0208910526174722,16.935000000000002,barclays_17,17,269
4,2005-02-28,2015-04-30,2015-05-31,2016-04-30,5,FTSE 100 INDEX | Pan-European High Yield | Silver Spot  $/Oz | NIKKEI 225 | UK Gilts 5 Year,0.6346450318321376,0.9862543443119216,2.5915266943138997,0.4084025306404309,0.9452837455250152,4.241187160782796,-0.2262425011917067,0.3564866812847712,0.4268596095338923,0.9371832235303724,4.237675186703497,0.0184570788934613,17.045,barclays_17,17,269
5,2006-02-28,2016-04-30,2016-05-31,2017-04-30,6,FTSE 100 INDEX | Pan-European High Yield | AUD-JPY X-RATE | Silver Spot  $/Oz | UK Gilts 5 Year | DAX INDEX,0.52137355217161,0.9186875843114805,3.643447764538781,0.5063828822062167,0.9200776266201977,3.5365852048428663,-0.0149906699653932,0.0287522639055136,0.5009806877498929,0.9229437983694372,3.6631456263586246,-0.0054021944563238,17.915,barclays_17,17,269
6,2007-02-28,2017-04-30,2017-05-31,2018-04-30,6,Pan-European High Yield | FTSE 100 INDEX | AUD-JPY X-RATE | Silver Spot  $/Oz | UK Gilts 5 Year | DAX INDEX,0.5985541146601361,0.9706895728328416,3.407982440139791,0.4794493156176911,0.963011863284141,4.175138171071497,-0.1191047990424449,0.1989875203014411,0.4649730494235134,0.955053502099894,4.457203489320338,-0.0144762661941776,17.915,barclays_17,17,269
7,2008-02-29,2018-04-30,2018-05-31,2019-04-30,6,Global High Yield | Generic 1st 'GX' Future | TR/CC CRB ER Index | Pan-European High Yield | FTSE 100 INDEX | NIKKEI 225,0.7367291903294511,0.9865912490539924,2.0785881179133017,0.5330779853937007,0.9345227405007536,2.8390081287593687,-0.2036512049357504,0.2764261381372462,0.5330055513555989,0.9509309928078724,3.042805636392889,-7.243403810175408e-05,17.115,barclays_17,17,269
8,2009-02-28,2019-04-30,2019-05-31,2020-04-30,5,Global High Yield | DAX INDEX | EM USD Aggregate | LME COPPER    3MO ($) | Argentine Peso Spot,0.8498366719054495,0.995724644376537,1.557658754355966,0.5444612116837874,0.9767308651650876,3.5415397200904013,-0.3053754602216622,0.3593342936554724,0.5354277146561952,0.9753079866892675,3.929654675311676,-0.0090334970275921,16.305,barclays_17,17,269
9,2010-02-28,2020-04-30,2020-05-31,2021-04-30,5,U.S. Corporate High Yield | DAX INDEX | LME COPPER    3MO ($) | NIKKEI 225 | Argentine Peso Spot,0.6244040349999614,0.982384345116334,2.8718996953911478,0.4271317006645726,0.8996019525751863,5.383524806493678,-0.1972723343353888,0.3159369947623753,0.4234536109791226,0.8836340533666036,5.422269196569203,-0.00367808968545,15.9,barclays_17,17,269
10,2011-05-31,2021-04-30,2021-05-31,2022-04-30,5,U.S. Corporate High Yield | DAX INDEX | LME COPPER    3MO ($) | MSCI INDIA | Generic 1st 'CO' Future,0.5644111648521353,0.9937996067794952,2.853933382471304,0.4133621484082471,0.962434381904942,3.8968588640718536,-0.1510490164438881,0.2676223041822003,0.4245892993536051,0.9585176685700684,4.039098085744878,0.0112271509453579,16.009999999999998,barclays_17,17,269
11,2012-05-31,2022-04-30,2022-05-31,2023-04-30,6,U.S. Corporate High Yield | Generic 1st 'GX' Future | LME COPPER   SPOT ($) | MSCI INDIA | NIKKEI 225 | Argentine Peso Spot,0.6525532261635443,0.9833781418932148,2.583429200007935,0.5014880504672485,0.8687880815503348,4.139031459372556,-0.1510651756962957,0.231498626685872,0.5215418374282348,0.884667304031882,3.930035716749221,0.0200537869609862,16.105,barclays_17,17,269
