rho,channel,median_weight_error,median_first_order,coverage,median_frontier_change
0.2,joint,0.01589991844638379,0.016330445376068554,1.0,-0.0027394466688339895
0.2,response,0.015359563455973826,0.016453853970229318,1.0,-0.004032543808549832
0.2,screening,0.036245117416651595,0.036442698378536045,1.0,0.0007580101819725931
0.5,joint,0.04350429231855073,0.04504009508586884,1.0,-0.006840076552437076
0.5,response,0.03224531831069308,0.03625895124070321,1.0,-0.008515551184137559
0.5,screening,0.09679547217555344,0.09358543503607074,1.0,0.008929415319626486
0.8,joint,0.06530249385346243,0.06817113796911986,1.0,-0.0096421276338679
0.8,response,0.05500260757694139,0.06610746045871066,1.0,-0.015165157251705568
0.8,screening,0.15251822273944332,0.14000565611402332,1.0,0.019561730992171386
