panel,training_days,metric,reference,comparison,folds,mean_difference,standard_error,bootstrap_ci_lower,bootstrap_ci_upper,simultaneous_ci_lower,simultaneous_ci_upper,sign_flip_p_raw,sign_flip_p_familywise,fraction_reference_better
B,252,realized_variance,residual_aware_qr,equal_weight,23,-5.921020496891361e-05,1.1316092603922824e-05,-8.192028438629784e-05,-3.9462463797732014e-05,-8.57782231380603e-05,-3.264218679976692e-05,4.999750012499375e-05,4.999750012499375e-05,1.0
B,252,realized_variance,residual_aware_qr,ledoit_wolf,23,3.2944638898144477e-06,6.557158620770447e-06,-5.453647076595703e-06,1.7983401950769083e-05,-1.2868965065405612e-05,1.9457892845034505e-05,0.9581520923953802,0.99990000499975,0.5652173913043478
B,252,realized_variance,residual_aware_qr,nonlinear_shrinkage_qis,23,1.399880122148705e-06,4.763942420810094e-06,-5.596994164111435e-06,1.2376792859246374e-05,-1.0328294621164193e-05,1.3128054865461604e-05,0.9504024798760062,1.0,0.5652173913043478
B,252,realized_variance,residual_aware_qr,oas_shrinkage,23,3.244499879278759e-06,6.851574552929783e-06,-5.982991294135721e-06,1.8669407924267722e-05,-1.3643533311060123e-05,2.0132533069617642e-05,0.9616019199040048,1.0,0.5652173913043478
B,252,realized_variance,residual_aware_qr,pca_matched,23,-8.329324403731685e-06,2.2531059366618538e-06,-1.3153117492214441e-05,-4.399453175801559e-06,-1.3765276693638194e-05,-2.893372113825176e-06,0.000199990000499975,0.0007499625018749063,0.8260869565217391
B,252,realized_variance,residual_aware_qr,pca_plus_two,23,-2.3609764830869537e-06,3.613981946483331e-06,-7.984473557134355e-06,5.881700218316796e-06,-1.1244909893552375e-05,6.522956927378469e-06,0.6173691315434229,0.9969001549922504,0.7391304347826086
B,252,realized_variance,residual_aware_qr,poet_soft_c0_5,23,1.312052787635056e-06,4.2329565238004376e-06,-4.724754050327668e-06,1.094118010182464e-05,-9.113631626124944e-06,1.1737737201395055e-05,0.9662016899155043,1.0,0.5652173913043478
B,252,realized_variance,residual_aware_qr,ridge_10pct,23,2.7894304087250624e-06,5.833829940788528e-06,-5.172160332393618e-06,1.6023398949846803e-05,-1.1590748433785681e-05,1.7169609251235807e-05,0.9481525923703815,1.0,0.4782608695652174
B,252,realized_variance,residual_aware_qr,sample_covariance,23,4.011456205119648e-06,7.876163952003002e-06,-6.315516618403478e-06,2.161550912237e-05,-1.5411539596986097e-05,2.343445200722539e-05,0.9781010949452528,0.999850007499625,0.6521739130434783
B,252,realized_variance,residual_aware_qr,structured_q0,23,-8.944224257022831e-06,5.105371282528067e-06,-2.0387517241066052e-05,-1.9231222125817396e-06,-2.1457154417875427e-05,3.5687059038297646e-06,0.005699715014249288,0.23103844807759613,0.6956521739130435
B,252,qlike,residual_aware_qr,equal_weight,23,0.5646513939491988,0.9191278160553684,-0.6302816495328525,2.545687206456089,-1.4571793103884036,2.586482098286801,0.9126043697815109,0.999950002499875,0.7391304347826086
B,252,qlike,residual_aware_qr,ledoit_wolf,23,0.7473607209502803,0.5741564302236549,0.058564698568735286,1.964575009642003,-0.5169218401505006,2.011643282051061,0.024848757562121893,0.43152842357882104,0.43478260869565216
B,252,qlike,residual_aware_qr,nonlinear_shrinkage_qis,23,0.696746077658307,0.5154675878954091,0.05748747097285392,1.8041131804237083,-0.4374954185549351,1.830987573871549,0.029598520073996302,0.3671816409179541,0.391304347826087
B,252,qlike,residual_aware_qr,oas_shrinkage,23,0.7646498850163653,0.582773885622795,0.062017292375235095,2.0039831369516214,-0.5185044972882572,2.0478042673209877,0.024848757562121893,0.4175791210439478,0.43478260869565216
B,252,qlike,residual_aware_qr,pca_matched,23,-0.25016413118305497,0.12745477234566238,-0.49437495598787035,-0.004756655934296523,-0.5323730064569698,0.03204474409085989,0.061746912654367284,0.061746912654367284,0.6956521739130435
B,252,qlike,residual_aware_qr,pca_plus_two,23,0.45499908256559357,0.4510006271243661,-0.13017975333407472,1.428786580520805,-0.53936139582783,1.4493595609590173,0.44967751612419377,0.8373081345932704,0.5217391304347826
B,252,qlike,residual_aware_qr,poet_soft_c0_5,23,0.5744063038337534,0.4109656078019466,0.05065618968040574,1.45911326176644,-0.3301024704839446,1.4789150781514513,0.03129843507824609,0.31418429078546073,0.391304347826087
B,252,qlike,residual_aware_qr,ridge_10pct,23,0.7270843352996452,0.5480862515800717,0.06097804867825641,1.8966839865037006,-0.47940341684127064,1.933572087440561,0.023398830058497074,0.399930003499825,0.391304347826087
B,252,qlike,residual_aware_qr,sample_covariance,23,0.8020124302064009,0.611727639466314,0.06462191426757774,2.1021178051292435,-0.5450709678698089,2.1490958282826105,0.022998850057497126,0.41897905104744765,0.4782608695652174
B,252,qlike,residual_aware_qr,structured_q0,23,-2.1603002779343963,1.1220855893865247,-4.549232097691672,-0.6720768018509509,-4.627103085166304,0.3065025292975112,9.99950002499875e-05,0.06709664516774161,0.7391304347826086
B,504,realized_variance,residual_aware_qr,equal_weight,21,-5.1623483110391546e-05,1.0595560575777471e-05,-7.355452006365594e-05,-3.328616187846808e-05,-7.839053313858928e-05,-2.485643308219381e-05,4.999750012499375e-05,4.999750012499375e-05,0.9523809523809523
B,504,realized_variance,residual_aware_qr,ledoit_wolf,21,8.09361837142592e-07,1.7559909304613508e-06,-2.301762040336771e-06,4.488271806462117e-06,-3.669240092243709e-06,5.2879637665288925e-06,0.6728163591820409,1.0,0.42857142857142855
B,504,realized_variance,residual_aware_qr,nonlinear_shrinkage_qis,21,3.237730291377855e-08,1.3074234119338852e-06,-2.3958401455742013e-06,2.6911907767566e-06,-3.2709913056324742e-06,3.3357459114600315e-06,0.9807009649517524,1.0,0.5238095238095238
B,504,realized_variance,residual_aware_qr,oas_shrinkage,21,3.8181895275595364e-07,2.0105875900981905e-06,-3.1946888583761624e-06,4.5681131017448955e-06,-4.73314597345268e-06,5.496783878964587e-06,0.871906404679766,1.0,0.47619047619047616
B,504,realized_variance,residual_aware_qr,pca_matched,21,-1.057565933794601e-05,4.344075015751418e-06,-2.0669987354744423e-05,-4.226670212893331e-06,-2.1736929734181156e-05,5.856110582891381e-07,0.000199990000499975,0.06019699015049248,0.9047619047619048
B,504,realized_variance,residual_aware_qr,pca_plus_two,21,-5.630414253234886e-06,2.7429642211035116e-06,-1.1456139361697309e-05,-9.064573520327861e-07,-1.2625509801445252e-05,1.3646812949754795e-06,0.03859807009649518,0.16599170041497924,0.7142857142857143
B,504,realized_variance,residual_aware_qr,poet_soft_c0_5,21,-1.2690169098566849e-08,2.1039643267643173e-06,-3.6384065887271756e-06,4.512782732996455e-06,-5.381278177711502e-06,5.3558978395143685e-06,0.9961501924903755,1.0,0.8095238095238095
B,504,realized_variance,residual_aware_qr,ridge_10pct,21,3.846295625995425e-07,1.2265373860507097e-06,-1.8314964589344074e-06,2.934560774262948e-06,-2.7308070968223132e-06,3.5000662220213984e-06,0.7684615769211539,1.0,0.42857142857142855
B,504,realized_variance,residual_aware_qr,sample_covariance,21,7.696547795043042e-07,2.513917415003556e-06,-3.4722839914550416e-06,6.263827569662722e-06,-5.6383516755377925e-06,7.1776612345464e-06,0.8046097695115244,1.0,0.5714285714285714
B,504,realized_variance,residual_aware_qr,structured_q0,21,-1.0353409658894088e-05,6.411336934498887e-06,-2.431933069234309e-05,-2.0657828841508557e-06,-2.68087569489272e-05,6.1019376311390225e-06,0.004899755012249388,0.4045297735113244,0.8095238095238095
B,504,qlike,residual_aware_qr,equal_weight,21,0.19150921159675605,0.6609987090208508,-0.6367582268179278,1.6018152718154548,-1.2170716749685957,1.6000900981621078,0.9983000849957502,1.0,0.7619047619047619
B,504,qlike,residual_aware_qr,ledoit_wolf,21,0.39867038840968716,0.2713972873862907,0.020909650678245274,0.9920873166573266,-0.18121410889216583,0.9785548857115401,0.045647717614119294,0.24173791310434478,0.38095238095238093
B,504,qlike,residual_aware_qr,nonlinear_shrinkage_qis,21,0.37653636101627824,0.2444309422989222,0.02708917582226006,0.9165841522817493,-0.14600320815877282,0.8990759301913294,0.036098195090245484,0.19069046547672616,0.38095238095238093
B,504,qlike,residual_aware_qr,oas_shrinkage,21,0.4038816925687068,0.27986603767219415,0.0150880753024489,1.0160144668798161,-0.19413533223821405,1.0018987173756277,0.058847057647117645,0.26288685565721714,0.38095238095238093
B,504,qlike,residual_aware_qr,pca_matched,21,-0.9832195004138645,0.6946351807655042,-2.4487877064797265,-0.1318657425787198,-2.4685147049117804,0.5020757040840512,0.0034998250087495625,0.2894355282235888,0.7142857142857143
B,504,qlike,residual_aware_qr,pca_plus_two,21,0.13267220507540559,0.12479214070267604,-0.0726743247113299,0.39927472110311474,-0.1363632305127516,0.4017076406635628,0.41162941852907353,0.8331583420828959,0.6190476190476191
B,504,qlike,residual_aware_qr,poet_soft_c0_5,21,0.2495043137700875,0.17008231899170292,-0.011069431490298156,0.623053134544087,-0.11478685740558839,0.6137954849457634,0.14069296535173242,0.24378781060946952,0.5238095238095238
B,504,qlike,residual_aware_qr,ridge_10pct,21,0.34538672087586875,0.2229981276550959,0.024189036862346837,0.8355486144860895,-0.1315332126838033,0.8223066544355409,0.035798210089495526,0.1855407229638518,0.3333333333333333
B,504,qlike,residual_aware_qr,sample_covariance,21,0.4306977711219918,0.30172931559281024,0.017871961740607307,1.09007277525346,-0.21380439108519922,1.0751999333291828,0.05619719014049297,0.2774361281935903,0.38095238095238093
B,504,qlike,residual_aware_qr,structured_q0,21,-2.662029689257556,1.8486478381825961,-6.535758765221265,-0.4412520557349902,-6.6067503097765305,1.2826909312614188,9.99950002499875e-05,0.26618669066546674,0.7619047619047619
